[2026-04-26 15:41:52.458] [info] [Gimbal] Serial port /dev/gimbal opened with baudrate 460800.
[2026-04-26 15:41:52.458] [info] [Gimbal] read_thread started.
[2026-04-26 15:41:52.458] [info] [Gimbal] First q received.
[2026-04-26 15:41:52.460] [info] HikRobot's daemon thread started.
[2026-04-26 15:41:52.460] [warning] MV_CC_EnumDevices failed: 0x80000006
[2026-04-26 15:41:52.461] [debug] [Gimbal] CRC16 check failed after finding header.
[2026-04-26 15:41:52.560] [warning] MV_CC_StopGrabbing failed: 0x80000000
[2026-04-26 15:41:52.691] [info] Reset usb successfully :)
[2026-04-26 15:41:52.691] [warning] MV_CC_EnumDevices failed: 0x80000006
[2026-04-26 15:41:52.791] [warning] MV_CC_StopGrabbing failed: 0x80000000
[2026-04-26 15:41:52.920] [info] Reset usb successfully :)
[2026-04-26 15:41:52.920] [warning] MV_CC_EnumDevices failed: 0x80000006
[2026-04-26 15:41:53.020] [warning] MV_CC_StopGrabbing failed: 0x80000000
[2026-04-26 15:41:53.149] [info] Reset usb successfully :)
[2026-04-26 15:41:53.150] [warning] MV_CC_EnumDevices failed: 0x80000006
[2026-04-26 15:41:53.250] [warning] MV_CC_StopGrabbing failed: 0x80000000
[2026-04-26 15:41:53.379] [info] Reset usb successfully :)
[2026-04-26 15:41:53.379] [warning] MV_CC_EnumDevices failed: 0x80000006
[2026-04-26 15:41:53.479] [warning] MV_CC_StopGrabbing failed: 0x80000000
[2026-04-26 15:41:53.609] [info] Reset usb successfully :)
[2026-04-26 15:41:53.609] [warning] MV_CC_EnumDevices failed: 0x80000006
[2026-04-26 15:41:53.709] [warning] MV_CC_StopGrabbing failed: 0x80000000
[2026-04-26 15:41:53.840] [info] Reset usb successfully :)
[2026-04-26 15:41:53.840] [warning] MV_CC_EnumDevices failed: 0x80000006
[2026-04-26 15:41:53.940] [warning] MV_CC_StopGrabbing failed: 0x80000000
[2026-04-26 15:41:54.070] [info] Reset usb successfully :)
[2026-04-26 15:41:54.071] [warning] MV_CC_EnumDevices failed: 0x80000006
[2026-04-26 15:41:54.171] [warning] MV_CC_StopGrabbing failed: 0x80000000
[2026-04-26 15:41:54.303] [info] Reset usb successfully :)
[2026-04-26 15:41:54.304] [warning] MV_CC_EnumDevices failed: 0x80000006
[2026-04-26 15:41:54.404] [warning] MV_CC_StopGrabbing failed: 0x80000000
[2026-04-26 15:41:54.533] [info] Reset usb successfully :)
[2026-04-26 15:41:54.534] [warning] MV_CC_EnumDevices failed: 0x80000006
[2026-04-26 15:41:54.634] [warning] MV_CC_StopGrabbing failed: 0x80000000
[2026-04-26 15:41:54.764] [info] Reset usb successfully :)
[2026-04-26 15:41:54.765] [warning] MV_CC_EnumDevices failed: 0x80000006
[2026-04-26 15:41:54.804] [info] [Aimer] successfully loading shootmode
[2026-04-26 15:41:54.804] [info] [Aimer] Spin strategy: adaptive (自适应)
[2026-04-26 15:41:54.865] [warning] MV_CC_StopGrabbing failed: 0x80000000
[2026-04-26 15:41:54.994] [info] Reset usb successfully :)
[2026-04-26 15:41:54.994] [warning] MV_CC_EnumDevices failed: 0x80000006
[2026-04-26 15:41:55.094] [warning] MV_CC_StopGrabbing failed: 0x80000000
[2026-04-26 15:41:55.224] [info] Reset usb successfully :)
[2026-04-26 15:41:55.224] [warning] MV_CC_EnumDevices failed: 0x80000006
[2026-04-26 15:41:55.324] [warning] MV_CC_StopGrabbing failed: 0x80000000
[2026-04-26 15:41:55.454] [info] Reset usb successfully :)
[2026-04-26 15:41:55.454] [warning] MV_CC_EnumDevices failed: 0x80000006
[2026-04-26 15:41:55.554] [warning] MV_CC_StopGrabbing failed: 0x80000000
[2026-04-26 15:41:55.683] [info] Reset usb successfully :)
[2026-04-26 15:41:55.683] [warning] MV_CC_EnumDevices failed: 0x80000006
[2026-04-26 15:41:55.783] [warning] MV_CC_StopGrabbing failed: 0x80000000
[2026-04-26 15:41:55.913] [info] Reset usb successfully :)
[2026-04-26 15:41:55.913] [warning] MV_CC_EnumDevices failed: 0x80000006
[2026-04-26 15:41:56.013] [warning] MV_CC_StopGrabbing failed: 0x80000000
[2026-04-26 15:41:56.143] [info] Reset usb successfully :)
[2026-04-26 15:41:56.143] [warning] MV_CC_EnumDevices failed: 0x80000006
[2026-04-26 15:41:56.243] [warning] MV_CC_StopGrabbing failed: 0x80000000
[2026-04-26 15:41:56.372] [info] Reset usb successfully :)
[2026-04-26 15:41:56.372] [warning] MV_CC_EnumDevices failed: 0x80000006
[2026-04-26 15:41:56.472] [warning] MV_CC_StopGrabbing failed: 0x80000000
[2026-04-26 15:41:56.602] [info] Reset usb successfully :)
[2026-04-26 15:41:56.603] [warning] MV_CC_EnumDevices failed: 0x80000006
[2026-04-26 15:41:56.703] [warning] MV_CC_StopGrabbing failed: 0x80000000
[2026-04-26 15:41:56.834] [info] Reset usb successfully :)
[2026-04-26 15:41:56.835] [warning] MV_CC_EnumDevices failed: 0x80000006
[2026-04-26 15:41:56.935] [warning] MV_CC_StopGrabbing failed: 0x80000000
[2026-04-26 15:41:57.066] [info] Reset usb successfully :)
[2026-04-26 15:41:57.068] [warning] MV_CC_EnumDevices failed: 0x80000006
[2026-04-26 15:41:57.169] [warning] MV_CC_StopGrabbing failed: 0x80000000
[2026-04-26 15:41:57.300] [info] Reset usb successfully :)
[2026-04-26 15:41:57.301] [warning] MV_CC_EnumDevices failed: 0x80000006
[2026-04-26 15:41:57.401] [warning] MV_CC_StopGrabbing failed: 0x80000000
[2026-04-26 15:41:57.531] [info] Reset usb successfully :)
[2026-04-26 15:41:57.531] [warning] MV_CC_EnumDevices failed: 0x80000006
[2026-04-26 15:41:57.631] [warning] MV_CC_StopGrabbing failed: 0x80000000
[2026-04-26 15:41:57.762] [info] Reset usb successfully :)
[2026-04-26 15:41:57.763] [warning] MV_CC_EnumDevices failed: 0x80000006
[2026-04-26 15:41:57.863] [warning] MV_CC_StopGrabbing failed: 0x80000000
[2026-04-26 15:41:57.993] [info] Reset usb successfully :)
[2026-04-26 15:41:57.994] [warning] MV_CC_EnumDevices failed: 0x80000006
[2026-04-26 15:41:58.094] [warning] MV_CC_StopGrabbing failed: 0x80000000
[2026-04-26 15:41:58.226] [info] Reset usb successfully :)
[2026-04-26 15:41:58.228] [warning] MV_CC_EnumDevices failed: 0x80000006
[2026-04-26 15:41:58.328] [warning] MV_CC_StopGrabbing failed: 0x80000000
[2026-04-26 15:41:58.458] [info] Reset usb successfully :)
[2026-04-26 15:41:58.458] [warning] MV_CC_EnumDevices failed: 0x80000006
[2026-04-26 15:41:58.559] [warning] MV_CC_StopGrabbing failed: 0x80000000
[2026-04-26 15:41:58.690] [info] Reset usb successfully :)
[2026-04-26 15:41:58.691] [warning] MV_CC_EnumDevices failed: 0x80000006
[2026-04-26 15:41:58.791] [warning] MV_CC_StopGrabbing failed: 0x80000000
[2026-04-26 15:41:58.921] [info] Reset usb successfully :)
[2026-04-26 15:41:58.922] [warning] MV_CC_EnumDevices failed: 0x80000006
[2026-04-26 15:41:59.022] [warning] MV_CC_StopGrabbing failed: 0x80000000
[2026-04-26 15:41:59.153] [info] Reset usb successfully :)
[2026-04-26 15:41:59.155] [warning] MV_CC_EnumDevices failed: 0x80000006
[2026-04-26 15:41:59.256] [warning] MV_CC_StopGrabbing failed: 0x80000000
[2026-04-26 15:41:59.384] [info] Reset usb successfully :)
[2026-04-26 15:41:59.384] [warning] MV_CC_EnumDevices failed: 0x80000006
[2026-04-26 15:41:59.484] [warning] MV_CC_StopGrabbing failed: 0x80000000
[2026-04-26 15:41:59.615] [info] Reset usb successfully :)
[2026-04-26 15:41:59.615] [warning] MV_CC_EnumDevices failed: 0x80000006
[2026-04-26 15:41:59.715] [warning] MV_CC_StopGrabbing failed: 0x80000000
[2026-04-26 15:41:59.845] [info] Reset usb successfully :)
[2026-04-26 15:41:59.845] [warning] MV_CC_EnumDevices failed: 0x80000006
[2026-04-26 15:41:59.945] [warning] MV_CC_StopGrabbing failed: 0x80000000
[2026-04-26 15:42:00.075] [info] Reset usb successfully :)
[2026-04-26 15:42:00.076] [warning] MV_CC_EnumDevices failed: 0x80000006
[2026-04-26 15:42:00.176] [warning] MV_CC_StopGrabbing failed: 0x80000000
[2026-04-26 15:42:00.306] [info] Reset usb successfully :)
[2026-04-26 15:42:00.306] [warning] MV_CC_EnumDevices failed: 0x80000006
[2026-04-26 15:42:00.406] [warning] MV_CC_StopGrabbing failed: 0x80000000
[2026-04-26 15:42:00.535] [info] Reset usb successfully :)
[2026-04-26 15:42:00.536] [warning] MV_CC_EnumDevices failed: 0x80000006
[2026-04-26 15:42:00.636] [warning] MV_CC_StopGrabbing failed: 0x80000000
[2026-04-26 15:42:00.764] [info] Reset usb successfully :)
[2026-04-26 15:42:00.764] [warning] MV_CC_EnumDevices failed: 0x80000006
[2026-04-26 15:42:00.864] [warning] MV_CC_StopGrabbing failed: 0x80000000
[2026-04-26 15:42:00.993] [info] Reset usb successfully :)
[2026-04-26 15:42:00.993] [warning] MV_CC_EnumDevices failed: 0x80000006
[2026-04-26 15:42:01.093] [warning] MV_CC_StopGrabbing failed: 0x80000000
[2026-04-26 15:42:01.224] [info] Reset usb successfully :)
[2026-04-26 15:42:01.224] [warning] MV_CC_EnumDevices failed: 0x80000006
[2026-04-26 15:42:01.324] [warning] MV_CC_StopGrabbing failed: 0x80000000
[2026-04-26 15:42:01.454] [info] Reset usb successfully :)
[2026-04-26 15:42:01.455] [warning] MV_CC_EnumDevices failed: 0x80000006
[2026-04-26 15:42:01.555] [warning] MV_CC_StopGrabbing failed: 0x80000000
[2026-04-26 15:42:01.686] [info] Reset usb successfully :)
[2026-04-26 15:42:01.686] [warning] MV_CC_EnumDevices failed: 0x80000006
[2026-04-26 15:42:01.786] [warning] MV_CC_StopGrabbing failed: 0x80000000
[2026-04-26 15:42:01.917] [info] Reset usb successfully :)
[2026-04-26 15:42:01.917] [warning] MV_CC_EnumDevices failed: 0x80000006
[2026-04-26 15:42:02.018] [warning] MV_CC_StopGrabbing failed: 0x80000000
[2026-04-26 15:42:02.146] [info] Reset usb successfully :)
[2026-04-26 15:42:02.147] [warning] MV_CC_EnumDevices failed: 0x80000006
[2026-04-26 15:42:02.247] [warning] MV_CC_StopGrabbing failed: 0x80000000
[2026-04-26 15:42:02.376] [info] Reset usb successfully :)
[2026-04-26 15:42:02.376] [warning] MV_CC_EnumDevices failed: 0x80000006
[2026-04-26 15:42:02.477] [warning] MV_CC_StopGrabbing failed: 0x80000000
[2026-04-26 15:42:02.605] [info] Reset usb successfully :)
[2026-04-26 15:42:02.605] [warning] MV_CC_EnumDevices failed: 0x80000006
[2026-04-26 15:42:02.705] [warning] MV_CC_StopGrabbing failed: 0x80000000
[2026-04-26 15:42:02.834] [info] Reset usb successfully :)
[2026-04-26 15:42:02.835] [warning] MV_CC_EnumDevices failed: 0x80000006
[2026-04-26 15:42:02.935] [warning] MV_CC_StopGrabbing failed: 0x80000000
[2026-04-26 15:42:03.064] [info] Reset usb successfully :)
[2026-04-26 15:42:03.064] [warning] MV_CC_EnumDevices failed: 0x80000006
[2026-04-26 15:42:03.164] [warning] MV_CC_StopGrabbing failed: 0x80000000
[2026-04-26 15:42:03.295] [info] Reset usb successfully :)
[2026-04-26 15:42:03.296] [warning] MV_CC_EnumDevices failed: 0x80000006
[2026-04-26 15:42:03.396] [warning] MV_CC_StopGrabbing failed: 0x80000000
[2026-04-26 15:42:03.529] [info] Reset usb successfully :)
[2026-04-26 15:42:03.529] [warning] MV_CC_EnumDevices failed: 0x80000006
[2026-04-26 15:42:03.629] [warning] MV_CC_StopGrabbing failed: 0x80000000
[2026-04-26 15:42:03.760] [info] Reset usb successfully :)
[2026-04-26 15:42:03.761] [warning] MV_CC_EnumDevices failed: 0x80000006
[2026-04-26 15:42:03.862] [warning] MV_CC_StopGrabbing failed: 0x80000000
[2026-04-26 15:42:03.994] [info] Reset usb successfully :)
[2026-04-26 15:42:03.995] [warning] MV_CC_EnumDevices failed: 0x80000006
[2026-04-26 15:42:04.095] [warning] MV_CC_StopGrabbing failed: 0x80000000
[2026-04-26 15:42:04.224] [info] Reset usb successfully :)
[2026-04-26 15:42:04.225] [warning] MV_CC_EnumDevices failed: 0x80000006
[2026-04-26 15:42:04.325] [warning] MV_CC_StopGrabbing failed: 0x80000000
[2026-04-26 15:42:04.455] [info] Reset usb successfully :)
[2026-04-26 15:42:04.455] [warning] MV_CC_EnumDevices failed: 0x80000006
[2026-04-26 15:42:04.555] [warning] MV_CC_StopGrabbing failed: 0x80000000
[2026-04-26 15:42:04.685] [info] Reset usb successfully :)
[2026-04-26 15:42:04.686] [warning] MV_CC_EnumDevices failed: 0x80000006
[2026-04-26 15:42:04.786] [warning] MV_CC_StopGrabbing failed: 0x80000000
[2026-04-26 15:42:04.917] [info] Reset usb successfully :)
[2026-04-26 15:42:04.917] [warning] MV_CC_EnumDevices failed: 0x80000006
[2026-04-26 15:42:05.017] [warning] MV_CC_StopGrabbing failed: 0x80000000
[2026-04-26 15:42:05.147] [info] Reset usb successfully :)
[2026-04-26 15:42:05.148] [warning] MV_CC_EnumDevices failed: 0x80000006
[2026-04-26 15:42:05.248] [warning] MV_CC_StopGrabbing failed: 0x80000000
[2026-04-26 15:42:05.379] [info] Reset usb successfully :)
[2026-04-26 15:42:05.380] [warning] MV_CC_EnumDevices failed: 0x80000006
[2026-04-26 15:42:05.480] [warning] MV_CC_StopGrabbing failed: 0x80000000
[2026-04-26 15:42:05.609] [info] Reset usb successfully :)
[2026-04-26 15:42:05.609] [warning] MV_CC_EnumDevices failed: 0x80000006
[2026-04-26 15:42:05.709] [warning] MV_CC_StopGrabbing failed: 0x80000000
[2026-04-26 15:42:05.839] [info] Reset usb successfully :)
[2026-04-26 15:42:05.840] [warning] MV_CC_EnumDevices failed: 0x80000006
[2026-04-26 15:42:05.940] [warning] MV_CC_StopGrabbing failed: 0x80000000
[2026-04-26 15:42:06.068] [info] Reset usb successfully :)
[2026-04-26 15:42:06.068] [warning] MV_CC_EnumDevices failed: 0x80000006
[2026-04-26 15:42:06.169] [warning] MV_CC_StopGrabbing failed: 0x80000000
[2026-04-26 15:42:06.297] [info] Reset usb successfully :)
[2026-04-26 15:42:06.297] [warning] MV_CC_EnumDevices failed: 0x80000006
[2026-04-26 15:42:06.397] [warning] MV_CC_StopGrabbing failed: 0x80000000
[2026-04-26 15:42:06.527] [info] Reset usb successfully :)
[2026-04-26 15:42:06.527] [warning] MV_CC_EnumDevices failed: 0x80000006
[2026-04-26 15:42:06.627] [warning] MV_CC_StopGrabbing failed: 0x80000000
[2026-04-26 15:42:06.758] [info] Reset usb successfully :)
[2026-04-26 15:42:06.758] [warning] MV_CC_EnumDevices failed: 0x80000006
[2026-04-26 15:42:06.858] [warning] MV_CC_StopGrabbing failed: 0x80000000
[2026-04-26 15:42:06.988] [info] Reset usb successfully :)
[2026-04-26 15:42:06.989] [warning] MV_CC_EnumDevices failed: 0x80000006
[2026-04-26 15:42:07.089] [warning] MV_CC_StopGrabbing failed: 0x80000000
[2026-04-26 15:42:07.219] [info] Reset usb successfully :)
[2026-04-26 15:42:07.221] [warning] MV_CC_EnumDevices failed: 0x80000006
[2026-04-26 15:42:07.322] [warning] MV_CC_StopGrabbing failed: 0x80000000
[2026-04-26 15:42:07.451] [info] Reset usb successfully :)
[2026-04-26 15:42:07.451] [warning] MV_CC_EnumDevices failed: 0x80000006
[2026-04-26 15:42:07.551] [warning] MV_CC_StopGrabbing failed: 0x80000000
[2026-04-26 15:42:07.680] [info] Reset usb successfully :)
[2026-04-26 15:42:07.680] [warning] MV_CC_EnumDevices failed: 0x80000006
[2026-04-26 15:42:07.780] [warning] MV_CC_StopGrabbing failed: 0x80000000
[2026-04-26 15:42:07.910] [info] Reset usb successfully :)
[2026-04-26 15:42:07.910] [warning] MV_CC_EnumDevices failed: 0x80000006
[2026-04-26 15:42:08.010] [warning] MV_CC_StopGrabbing failed: 0x80000000
[2026-04-26 15:42:08.140] [info] Reset usb successfully :)
[2026-04-26 15:42:08.141] [warning] MV_CC_EnumDevices failed: 0x80000006
[2026-04-26 15:42:08.241] [warning] MV_CC_StopGrabbing failed: 0x80000000
[2026-04-26 15:42:08.370] [info] Reset usb successfully :)
[2026-04-26 15:42:08.371] [warning] MV_CC_EnumDevices failed: 0x80000006
[2026-04-26 15:42:08.471] [warning] MV_CC_StopGrabbing failed: 0x80000000
[2026-04-26 15:42:08.604] [info] Reset usb successfully :)
[2026-04-26 15:42:08.604] [warning] MV_CC_EnumDevices failed: 0x80000006
[2026-04-26 15:42:08.705] [warning] MV_CC_StopGrabbing failed: 0x80000000
[2026-04-26 15:42:08.833] [info] Reset usb successfully :)
[2026-04-26 15:42:08.833] [warning] MV_CC_EnumDevices failed: 0x80000006
[2026-04-26 15:42:08.933] [warning] MV_CC_StopGrabbing failed: 0x80000000
[2026-04-26 15:42:09.062] [info] Reset usb successfully :)
[2026-04-26 15:42:09.062] [warning] MV_CC_EnumDevices failed: 0x80000006
[2026-04-26 15:42:09.162] [warning] MV_CC_StopGrabbing failed: 0x80000000
[2026-04-26 15:42:09.291] [info] Reset usb successfully :)
[2026-04-26 15:42:09.291] [warning] MV_CC_EnumDevices failed: 0x80000006
[2026-04-26 15:42:09.391] [warning] MV_CC_StopGrabbing failed: 0x80000000
[2026-04-26 15:42:09.520] [info] Reset usb successfully :)
[2026-04-26 15:42:09.520] [warning] MV_CC_EnumDevices failed: 0x80000006
[2026-04-26 15:42:09.620] [warning] MV_CC_StopGrabbing failed: 0x80000000
[2026-04-26 15:42:09.750] [info] Reset usb successfully :)
[2026-04-26 15:42:09.750] [warning] MV_CC_EnumDevices failed: 0x80000006
[2026-04-26 15:42:09.850] [warning] MV_CC_StopGrabbing failed: 0x80000000
[2026-04-26 15:42:09.981] [info] Reset usb successfully :)
[2026-04-26 15:42:09.981] [warning] MV_CC_EnumDevices failed: 0x80000006
[2026-04-26 15:42:10.081] [warning] MV_CC_StopGrabbing failed: 0x80000000
[2026-04-26 15:42:10.213] [info] Reset usb successfully :)
[2026-04-26 15:42:10.214] [warning] MV_CC_EnumDevices failed: 0x80000006
[2026-04-26 15:42:10.314] [warning] MV_CC_StopGrabbing failed: 0x80000000
[2026-04-26 15:42:10.442] [info] Reset usb successfully :)
[2026-04-26 15:42:10.442] [warning] MV_CC_EnumDevices failed: 0x80000006
[2026-04-26 15:42:10.542] [warning] MV_CC_StopGrabbing failed: 0x80000000
[2026-04-26 15:42:10.673] [info] Reset usb successfully :)
[2026-04-26 15:42:10.674] [warning] MV_CC_EnumDevices failed: 0x80000006
[2026-04-26 15:42:10.774] [warning] MV_CC_StopGrabbing failed: 0x80000000
[2026-04-26 15:42:10.906] [info] Reset usb successfully :)
[2026-04-26 15:42:10.906] [warning] MV_CC_EnumDevices failed: 0x80000006
[2026-04-26 15:42:11.006] [warning] MV_CC_StopGrabbing failed: 0x80000000
[2026-04-26 15:42:11.136] [info] Reset usb successfully :)
[2026-04-26 15:42:11.136] [warning] MV_CC_EnumDevices failed: 0x80000006
[2026-04-26 15:42:11.236] [warning] MV_CC_StopGrabbing failed: 0x80000000
[2026-04-26 15:42:11.365] [info] Reset usb successfully :)
[2026-04-26 15:42:11.365] [warning] MV_CC_EnumDevices failed: 0x80000006
[2026-04-26 15:42:11.465] [warning] MV_CC_StopGrabbing failed: 0x80000000
[2026-04-26 15:42:11.594] [info] Reset usb successfully :)
[2026-04-26 15:42:11.595] [warning] MV_CC_EnumDevices failed: 0x80000006
[2026-04-26 15:42:11.695] [warning] MV_CC_StopGrabbing failed: 0x80000000
[2026-04-26 15:42:11.824] [info] Reset usb successfully :)
[2026-04-26 15:42:11.825] [warning] MV_CC_EnumDevices failed: 0x80000006
[2026-04-26 15:42:11.925] [warning] MV_CC_StopGrabbing failed: 0x80000000
[2026-04-26 15:42:12.055] [info] Reset usb successfully :)
[2026-04-26 15:42:12.055] [warning] MV_CC_EnumDevices failed: 0x80000006
[2026-04-26 15:42:12.155] [warning] MV_CC_StopGrabbing failed: 0x80000000
[2026-04-26 15:42:12.285] [info] Reset usb successfully :)
[2026-04-26 15:42:12.286] [warning] MV_CC_EnumDevices failed: 0x80000006
[2026-04-26 15:42:12.386] [warning] MV_CC_StopGrabbing failed: 0x80000000
[2026-04-26 15:42:12.516] [info] Reset usb successfully :)
[2026-04-26 15:42:12.517] [warning] MV_CC_EnumDevices failed: 0x80000006
[2026-04-26 15:42:12.617] [warning] MV_CC_StopGrabbing failed: 0x80000000
[2026-04-26 15:42:12.747] [info] Reset usb successfully :)
[2026-04-26 15:42:12.748] [warning] MV_CC_EnumDevices failed: 0x80000006
[2026-04-26 15:42:12.848] [warning] MV_CC_StopGrabbing failed: 0x80000000
[2026-04-26 15:42:12.979] [info] Reset usb successfully :)
[2026-04-26 15:42:12.980] [warning] MV_CC_EnumDevices failed: 0x80000006
[2026-04-26 15:42:13.081] [warning] MV_CC_StopGrabbing failed: 0x80000000
[2026-04-26 15:42:13.210] [info] Reset usb successfully :)
[2026-04-26 15:42:13.210] [warning] MV_CC_EnumDevices failed: 0x80000006
[2026-04-26 15:42:13.310] [warning] MV_CC_StopGrabbing failed: 0x80000000
[2026-04-26 15:42:13.439] [info] Reset usb successfully :)
[2026-04-26 15:42:13.439] [warning] MV_CC_EnumDevices failed: 0x80000006
[2026-04-26 15:42:13.539] [warning] MV_CC_StopGrabbing failed: 0x80000000
[2026-04-26 15:42:13.668] [info] Reset usb successfully :)
[2026-04-26 15:42:13.668] [warning] MV_CC_EnumDevices failed: 0x80000006
[2026-04-26 15:42:13.768] [warning] MV_CC_StopGrabbing failed: 0x80000000
[2026-04-26 15:42:13.897] [info] Reset usb successfully :)
[2026-04-26 15:42:13.897] [warning] MV_CC_EnumDevices failed: 0x80000006
[2026-04-26 15:42:13.997] [warning] MV_CC_StopGrabbing failed: 0x80000000
[2026-04-26 15:42:14.128] [info] Reset usb successfully :)
[2026-04-26 15:42:14.128] [warning] MV_CC_EnumDevices failed: 0x80000006
[2026-04-26 15:42:14.228] [warning] MV_CC_StopGrabbing failed: 0x80000000
[2026-04-26 15:42:14.359] [info] Reset usb successfully :)
[2026-04-26 15:42:14.360] [warning] MV_CC_EnumDevices failed: 0x80000006
[2026-04-26 15:42:14.460] [warning] MV_CC_StopGrabbing failed: 0x80000000
[2026-04-26 15:42:14.590] [info] Reset usb successfully :)
[2026-04-26 15:42:14.591] [warning] MV_CC_EnumDevices failed: 0x80000006
[2026-04-26 15:42:14.691] [warning] MV_CC_StopGrabbing failed: 0x80000000
[2026-04-26 15:42:14.821] [info] Reset usb successfully :)
[2026-04-26 15:42:14.821] [warning] MV_CC_EnumDevices failed: 0x80000006
[2026-04-26 15:42:14.921] [warning] MV_CC_StopGrabbing failed: 0x80000000
[2026-04-26 15:42:15.051] [info] Reset usb successfully :)
[2026-04-26 15:42:15.052] [warning] MV_CC_EnumDevices failed: 0x80000006
[2026-04-26 15:42:15.152] [warning] MV_CC_StopGrabbing failed: 0x80000000
[2026-04-26 15:42:15.281] [info] Reset usb successfully :)
[2026-04-26 15:42:15.281] [warning] MV_CC_EnumDevices failed: 0x80000006
[2026-04-26 15:42:15.381] [warning] MV_CC_StopGrabbing failed: 0x80000000
[2026-04-26 15:42:15.510] [info] Reset usb successfully :)
[2026-04-26 15:42:15.510] [warning] MV_CC_EnumDevices failed: 0x80000006
[2026-04-26 15:42:15.610] [warning] MV_CC_StopGrabbing failed: 0x80000000
[2026-04-26 15:42:15.739] [info] Reset usb successfully :)
[2026-04-26 15:42:15.739] [warning] MV_CC_EnumDevices failed: 0x80000006
[2026-04-26 15:42:15.839] [warning] MV_CC_StopGrabbing failed: 0x80000000
[2026-04-26 15:42:15.968] [info] Reset usb successfully :)
[2026-04-26 15:42:15.968] [warning] MV_CC_EnumDevices failed: 0x80000006
[2026-04-26 15:42:16.068] [warning] MV_CC_StopGrabbing failed: 0x80000000
[2026-04-26 15:42:16.198] [info] Reset usb successfully :)
[2026-04-26 15:42:16.198] [warning] MV_CC_EnumDevices failed: 0x80000006
[2026-04-26 15:42:16.298] [warning] MV_CC_StopGrabbing failed: 0x80000000
[2026-04-26 15:42:16.427] [info] Reset usb successfully :)
[2026-04-26 15:42:16.427] [warning] MV_CC_EnumDevices failed: 0x80000006
[2026-04-26 15:42:16.528] [warning] MV_CC_StopGrabbing failed: 0x80000000
[2026-04-26 15:42:16.656] [info] Reset usb successfully :)
[2026-04-26 15:42:16.656] [warning] MV_CC_EnumDevices failed: 0x80000006
[2026-04-26 15:42:16.756] [warning] MV_CC_StopGrabbing failed: 0x80000000
[2026-04-26 15:42:16.885] [info] Reset usb successfully :)
[2026-04-26 15:42:16.886] [warning] MV_CC_EnumDevices failed: 0x80000006
[2026-04-26 15:42:16.986] [warning] MV_CC_StopGrabbing failed: 0x80000000
[2026-04-26 15:42:17.115] [info] Reset usb successfully :)
[2026-04-26 15:42:17.115] [warning] MV_CC_EnumDevices failed: 0x80000006
[2026-04-26 15:42:17.216] [warning] MV_CC_StopGrabbing failed: 0x80000000
[2026-04-26 15:42:17.345] [info] Reset usb successfully :)
[2026-04-26 15:42:17.346] [warning] MV_CC_EnumDevices failed: 0x80000006
[2026-04-26 15:42:17.446] [warning] MV_CC_StopGrabbing failed: 0x80000000
[2026-04-26 15:42:17.575] [info] Reset usb successfully :)
[2026-04-26 15:42:17.575] [warning] MV_CC_EnumDevices failed: 0x80000006
[2026-04-26 15:42:17.675] [warning] MV_CC_StopGrabbing failed: 0x80000000
[2026-04-26 15:42:17.804] [info] Reset usb successfully :)
[2026-04-26 15:42:17.804] [warning] MV_CC_EnumDevices failed: 0x80000006
[2026-04-26 15:42:17.904] [warning] MV_CC_StopGrabbing failed: 0x80000000
[2026-04-26 15:42:18.034] [info] Reset usb successfully :)
[2026-04-26 15:42:18.034] [warning] MV_CC_EnumDevices failed: 0x80000006
[2026-04-26 15:42:18.134] [warning] MV_CC_StopGrabbing failed: 0x80000000
[2026-04-26 15:42:18.264] [info] Reset usb successfully :)
[2026-04-26 15:42:18.264] [warning] MV_CC_EnumDevices failed: 0x80000006
[2026-04-26 15:42:18.365] [warning] MV_CC_StopGrabbing failed: 0x80000000
[2026-04-26 15:42:18.494] [info] Reset usb successfully :)
[2026-04-26 15:42:18.495] [warning] MV_CC_EnumDevices failed: 0x80000006
[2026-04-26 15:42:18.595] [warning] MV_CC_StopGrabbing failed: 0x80000000
[2026-04-26 15:42:18.725] [info] Reset usb successfully :)
[2026-04-26 15:42:18.726] [warning] MV_CC_EnumDevices failed: 0x80000006
[2026-04-26 15:42:18.826] [warning] MV_CC_StopGrabbing failed: 0x80000000
[2026-04-26 15:42:18.957] [info] Reset usb successfully :)
[2026-04-26 15:42:18.960] [warning] MV_CC_EnumDevices failed: 0x80000006
[2026-04-26 15:42:19.061] [warning] MV_CC_StopGrabbing failed: 0x80000000
[2026-04-26 15:42:19.191] [info] Reset usb successfully :)
[2026-04-26 15:42:19.191] [warning] MV_CC_EnumDevices failed: 0x80000006
[2026-04-26 15:42:19.292] [warning] MV_CC_StopGrabbing failed: 0x80000000
[2026-04-26 15:42:19.421] [info] Reset usb successfully :)
[2026-04-26 15:42:19.421] [warning] MV_CC_EnumDevices failed: 0x80000006
[2026-04-26 15:42:19.521] [warning] MV_CC_StopGrabbing failed: 0x80000000
[2026-04-26 15:42:19.650] [info] Reset usb successfully :)
[2026-04-26 15:42:19.651] [warning] MV_CC_EnumDevices failed: 0x80000006
[2026-04-26 15:42:19.751] [warning] MV_CC_StopGrabbing failed: 0x80000000
[2026-04-26 15:42:19.881] [info] Reset usb successfully :)
[2026-04-26 15:42:19.881] [warning] MV_CC_EnumDevices failed: 0x80000006
[2026-04-26 15:42:19.981] [warning] MV_CC_StopGrabbing failed: 0x80000000
[2026-04-26 15:42:20.111] [info] Reset usb successfully :)
[2026-04-26 15:42:20.111] [warning] MV_CC_EnumDevices failed: 0x80000006
[2026-04-26 15:42:20.211] [warning] MV_CC_StopGrabbing failed: 0x80000000
[2026-04-26 15:42:20.340] [info] Reset usb successfully :)
[2026-04-26 15:42:20.340] [warning] MV_CC_EnumDevices failed: 0x80000006
[2026-04-26 15:42:20.440] [warning] MV_CC_StopGrabbing failed: 0x80000000
[2026-04-26 15:42:20.570] [info] Reset usb successfully :)
[2026-04-26 15:42:20.570] [warning] MV_CC_EnumDevices failed: 0x80000006
[2026-04-26 15:42:20.670] [warning] MV_CC_StopGrabbing failed: 0x80000000
[2026-04-26 15:42:20.801] [info] Reset usb successfully :)
[2026-04-26 15:42:20.801] [warning] MV_CC_EnumDevices failed: 0x80000006
[2026-04-26 15:42:20.901] [warning] MV_CC_StopGrabbing failed: 0x80000000
[2026-04-26 15:42:21.030] [info] Reset usb successfully :)
[2026-04-26 15:42:21.030] [warning] MV_CC_EnumDevices failed: 0x80000006
[2026-04-26 15:42:21.130] [warning] MV_CC_StopGrabbing failed: 0x80000000
[2026-04-26 15:42:21.259] [info] Reset usb successfully :)
[2026-04-26 15:42:21.260] [warning] MV_CC_EnumDevices failed: 0x80000006
[2026-04-26 15:42:21.360] [warning] MV_CC_StopGrabbing failed: 0x80000000
[2026-04-26 15:42:21.491] [info] Reset usb successfully :)
[2026-04-26 15:42:21.491] [warning] MV_CC_EnumDevices failed: 0x80000006
[2026-04-26 15:42:21.591] [warning] MV_CC_StopGrabbing failed: 0x80000000
[2026-04-26 15:42:21.720] [info] Reset usb successfully :)
[2026-04-26 15:42:21.720] [warning] MV_CC_EnumDevices failed: 0x80000006
[2026-04-26 15:42:21.820] [warning] MV_CC_StopGrabbing failed: 0x80000000
[2026-04-26 15:42:21.950] [info] Reset usb successfully :)
[2026-04-26 15:42:21.950] [warning] MV_CC_EnumDevices failed: 0x80000006
[2026-04-26 15:42:22.051] [warning] MV_CC_StopGrabbing failed: 0x80000000
[2026-04-26 15:42:22.180] [info] Reset usb successfully :)
[2026-04-26 15:42:22.180] [warning] MV_CC_EnumDevices failed: 0x80000006
[2026-04-26 15:42:22.281] [warning] MV_CC_StopGrabbing failed: 0x80000000
[2026-04-26 15:42:22.410] [info] Reset usb successfully :)
[2026-04-26 15:42:22.410] [warning] MV_CC_EnumDevices failed: 0x80000006
[2026-04-26 15:42:22.510] [warning] MV_CC_StopGrabbing failed: 0x80000000
[2026-04-26 15:42:22.640] [info] Reset usb successfully :)
[2026-04-26 15:42:22.640] [warning] MV_CC_EnumDevices failed: 0x80000006
[2026-04-26 15:42:22.740] [warning] MV_CC_StopGrabbing failed: 0x80000000
[2026-04-26 15:42:22.869] [info] Reset usb successfully :)
[2026-04-26 15:42:22.869] [warning] MV_CC_EnumDevices failed: 0x80000006
[2026-04-26 15:42:22.969] [warning] MV_CC_StopGrabbing failed: 0x80000000
[2026-04-26 15:42:23.099] [info] Reset usb successfully :)
[2026-04-26 15:42:23.099] [warning] MV_CC_EnumDevices failed: 0x80000006
[2026-04-26 15:42:23.199] [warning] MV_CC_StopGrabbing failed: 0x80000000
[2026-04-26 15:42:23.329] [info] Reset usb successfully :)
[2026-04-26 15:42:23.329] [warning] MV_CC_EnumDevices failed: 0x80000006
[2026-04-26 15:42:23.429] [warning] MV_CC_StopGrabbing failed: 0x80000000
[2026-04-26 15:42:23.558] [info] Reset usb successfully :)
[2026-04-26 15:42:23.558] [warning] MV_CC_EnumDevices failed: 0x80000006
[2026-04-26 15:42:23.658] [warning] MV_CC_StopGrabbing failed: 0x80000000
[2026-04-26 15:42:23.788] [info] Reset usb successfully :)
[2026-04-26 15:42:23.788] [warning] MV_CC_EnumDevices failed: 0x80000006
[2026-04-26 15:42:23.888] [warning] MV_CC_StopGrabbing failed: 0x80000000
[2026-04-26 15:42:24.017] [info] Reset usb successfully :)
[2026-04-26 15:42:24.018] [warning] MV_CC_EnumDevices failed: 0x80000006
[2026-04-26 15:42:24.118] [warning] MV_CC_StopGrabbing failed: 0x80000000
[2026-04-26 15:42:24.247] [info] Reset usb successfully :)
[2026-04-26 15:42:24.247] [warning] MV_CC_EnumDevices failed: 0x80000006
[2026-04-26 15:42:24.348] [warning] MV_CC_StopGrabbing failed: 0x80000000
[2026-04-26 15:42:24.477] [info] Reset usb successfully :)
[2026-04-26 15:42:24.477] [warning] MV_CC_EnumDevices failed: 0x80000006
[2026-04-26 15:42:24.577] [warning] MV_CC_StopGrabbing failed: 0x80000000
[2026-04-26 15:42:24.705] [info] Reset usb successfully :)
[2026-04-26 15:42:24.706] [warning] MV_CC_EnumDevices failed: 0x80000006
[2026-04-26 15:42:24.806] [warning] MV_CC_StopGrabbing failed: 0x80000000
[2026-04-26 15:42:24.935] [info] Reset usb successfully :)
[2026-04-26 15:42:24.935] [warning] MV_CC_EnumDevices failed: 0x80000006
[2026-04-26 15:42:25.035] [warning] MV_CC_StopGrabbing failed: 0x80000000
[2026-04-26 15:42:25.166] [info] Reset usb successfully :)
[2026-04-26 15:42:25.166] [warning] MV_CC_EnumDevices failed: 0x80000006
[2026-04-26 15:42:25.266] [warning] MV_CC_StopGrabbing failed: 0x80000000
[2026-04-26 15:42:25.396] [info] Reset usb successfully :)
[2026-04-26 15:42:25.396] [warning] MV_CC_EnumDevices failed: 0x80000006
[2026-04-26 15:42:25.496] [warning] MV_CC_StopGrabbing failed: 0x80000000
[2026-04-26 15:42:25.626] [info] Reset usb successfully :)
[2026-04-26 15:42:25.627] [warning] MV_CC_EnumDevices failed: 0x80000006
[2026-04-26 15:42:25.727] [warning] MV_CC_StopGrabbing failed: 0x80000000
[2026-04-26 15:42:25.857] [info] Reset usb successfully :)
[2026-04-26 15:42:25.857] [warning] MV_CC_EnumDevices failed: 0x80000006
[2026-04-26 15:42:25.958] [warning] MV_CC_StopGrabbing failed: 0x80000000
[2026-04-26 15:42:26.087] [info] Reset usb successfully :)
[2026-04-26 15:42:26.087] [warning] MV_CC_EnumDevices failed: 0x80000006
[2026-04-26 15:42:26.187] [warning] MV_CC_StopGrabbing failed: 0x80000000
[2026-04-26 15:42:26.317] [info] Reset usb successfully :)
[2026-04-26 15:42:26.317] [warning] MV_CC_EnumDevices failed: 0x80000006
[2026-04-26 15:42:26.417] [warning] MV_CC_StopGrabbing failed: 0x80000000
[2026-04-26 15:42:26.546] [info] Reset usb successfully :)
[2026-04-26 15:42:26.546] [warning] MV_CC_EnumDevices failed: 0x80000006
[2026-04-26 15:42:26.647] [warning] MV_CC_StopGrabbing failed: 0x80000000
[2026-04-26 15:42:26.775] [info] Reset usb successfully :)
[2026-04-26 15:42:26.775] [warning] MV_CC_EnumDevices failed: 0x80000006
[2026-04-26 15:42:26.875] [warning] MV_CC_StopGrabbing failed: 0x80000000
[2026-04-26 15:42:27.006] [info] Reset usb successfully :)
[2026-04-26 15:42:27.006] [warning] MV_CC_EnumDevices failed: 0x80000006
[2026-04-26 15:42:27.106] [warning] MV_CC_StopGrabbing failed: 0x80000000
[2026-04-26 15:42:27.235] [info] Reset usb successfully :)
[2026-04-26 15:42:27.235] [warning] MV_CC_EnumDevices failed: 0x80000006
[2026-04-26 15:42:27.335] [warning] MV_CC_StopGrabbing failed: 0x80000000
[2026-04-26 15:42:27.465] [info] Reset usb successfully :)
[2026-04-26 15:42:27.465] [warning] MV_CC_EnumDevices failed: 0x80000006
[2026-04-26 15:42:27.565] [warning] MV_CC_StopGrabbing failed: 0x80000000
[2026-04-26 15:42:27.694] [info] Reset usb successfully :)
[2026-04-26 15:42:27.694] [warning] MV_CC_EnumDevices failed: 0x80000006
[2026-04-26 15:42:27.794] [warning] MV_CC_StopGrabbing failed: 0x80000000
[2026-04-26 15:42:27.923] [info] Reset usb successfully :)
[2026-04-26 15:42:27.923] [warning] MV_CC_EnumDevices failed: 0x80000006
[2026-04-26 15:42:28.023] [warning] MV_CC_StopGrabbing failed: 0x80000000
[2026-04-26 15:42:28.152] [info] Reset usb successfully :)
[2026-04-26 15:42:28.152] [warning] MV_CC_EnumDevices failed: 0x80000006
[2026-04-26 15:42:28.253] [warning] MV_CC_StopGrabbing failed: 0x80000000
[2026-04-26 15:42:28.382] [info] Reset usb successfully :)
[2026-04-26 15:42:28.382] [warning] MV_CC_EnumDevices failed: 0x80000006
[2026-04-26 15:42:28.482] [warning] MV_CC_StopGrabbing failed: 0x80000000
[2026-04-26 15:42:28.611] [info] Reset usb successfully :)
[2026-04-26 15:42:28.612] [warning] MV_CC_EnumDevices failed: 0x80000006
[2026-04-26 15:42:28.712] [warning] MV_CC_StopGrabbing failed: 0x80000000
[2026-04-26 15:42:28.840] [info] Reset usb successfully :)
[2026-04-26 15:42:28.840] [warning] MV_CC_EnumDevices failed: 0x80000006
[2026-04-26 15:42:28.940] [warning] MV_CC_StopGrabbing failed: 0x80000000
[2026-04-26 15:42:29.070] [info] Reset usb successfully :)
[2026-04-26 15:42:29.070] [warning] MV_CC_EnumDevices failed: 0x80000006
[2026-04-26 15:42:29.170] [warning] MV_CC_StopGrabbing failed: 0x80000000
[2026-04-26 15:42:29.300] [info] Reset usb successfully :)
[2026-04-26 15:42:29.300] [warning] MV_CC_EnumDevices failed: 0x80000006
[2026-04-26 15:42:29.400] [warning] MV_CC_StopGrabbing failed: 0x80000000
[2026-04-26 15:42:29.529] [info] Reset usb successfully :)
[2026-04-26 15:42:29.529] [warning] MV_CC_EnumDevices failed: 0x80000006
[2026-04-26 15:42:29.630] [warning] MV_CC_StopGrabbing failed: 0x80000000
[2026-04-26 15:42:29.759] [info] Reset usb successfully :)
[2026-04-26 15:42:29.759] [warning] MV_CC_EnumDevices failed: 0x80000006
[2026-04-26 15:42:29.859] [warning] MV_CC_StopGrabbing failed: 0x80000000
[2026-04-26 15:42:29.988] [info] Reset usb successfully :)
[2026-04-26 15:42:29.988] [warning] MV_CC_EnumDevices failed: 0x80000006
[2026-04-26 15:42:30.088] [warning] MV_CC_StopGrabbing failed: 0x80000000
[2026-04-26 15:42:30.217] [info] Reset usb successfully :)
[2026-04-26 15:42:30.217] [warning] MV_CC_EnumDevices failed: 0x80000006
[2026-04-26 15:42:30.317] [warning] MV_CC_StopGrabbing failed: 0x80000000
[2026-04-26 15:42:30.446] [info] Reset usb successfully :)
[2026-04-26 15:42:30.447] [warning] MV_CC_EnumDevices failed: 0x80000006
[2026-04-26 15:42:30.547] [warning] MV_CC_StopGrabbing failed: 0x80000000
[2026-04-26 15:42:30.676] [info] Reset usb successfully :)
[2026-04-26 15:42:30.676] [warning] MV_CC_EnumDevices failed: 0x80000006
[2026-04-26 15:42:30.776] [warning] MV_CC_StopGrabbing failed: 0x80000000
[2026-04-26 15:42:30.905] [info] Reset usb successfully :)
[2026-04-26 15:42:30.905] [warning] MV_CC_EnumDevices failed: 0x80000006
[2026-04-26 15:42:31.005] [warning] MV_CC_StopGrabbing failed: 0x80000000
[2026-04-26 15:42:31.136] [info] Reset usb successfully :)
[2026-04-26 15:42:31.136] [warning] MV_CC_EnumDevices failed: 0x80000006
[2026-04-26 15:42:31.236] [warning] MV_CC_StopGrabbing failed: 0x80000000
[2026-04-26 15:42:31.366] [info] Reset usb successfully :)
[2026-04-26 15:42:31.367] [warning] MV_CC_EnumDevices failed: 0x80000006
[2026-04-26 15:42:31.467] [warning] MV_CC_StopGrabbing failed: 0x80000000
[2026-04-26 15:42:31.596] [info] Reset usb successfully :)
[2026-04-26 15:42:31.596] [warning] MV_CC_EnumDevices failed: 0x80000006
[2026-04-26 15:42:31.697] [warning] MV_CC_StopGrabbing failed: 0x80000000
[2026-04-26 15:42:31.826] [info] Reset usb successfully :)
[2026-04-26 15:42:31.826] [warning] MV_CC_EnumDevices failed: 0x80000006
[2026-04-26 15:42:31.926] [warning] MV_CC_StopGrabbing failed: 0x80000000
[2026-04-26 15:42:32.055] [info] Reset usb successfully :)
[2026-04-26 15:42:32.055] [warning] MV_CC_EnumDevices failed: 0x80000006
[2026-04-26 15:42:32.155] [warning] MV_CC_StopGrabbing failed: 0x80000000
[2026-04-26 15:42:32.285] [info] Reset usb successfully :)
[2026-04-26 15:42:32.285] [warning] MV_CC_EnumDevices failed: 0x80000006
[2026-04-26 15:42:32.385] [warning] MV_CC_StopGrabbing failed: 0x80000000
[2026-04-26 15:42:32.515] [info] Reset usb successfully :)
[2026-04-26 15:42:32.515] [warning] MV_CC_EnumDevices failed: 0x80000006
[2026-04-26 15:42:32.615] [warning] MV_CC_StopGrabbing failed: 0x80000000
[2026-04-26 15:42:32.745] [info] Reset usb successfully :)
[2026-04-26 15:42:32.745] [warning] MV_CC_EnumDevices failed: 0x80000006
[2026-04-26 15:42:32.845] [warning] MV_CC_StopGrabbing failed: 0x80000000
[2026-04-26 15:42:32.975] [info] Reset usb successfully :)
[2026-04-26 15:42:32.975] [warning] MV_CC_EnumDevices failed: 0x80000006
[2026-04-26 15:42:33.075] [warning] MV_CC_StopGrabbing failed: 0x80000000
[2026-04-26 15:42:33.205] [info] Reset usb successfully :)
[2026-04-26 15:42:33.205] [warning] MV_CC_EnumDevices failed: 0x80000006
[2026-04-26 15:42:33.305] [warning] MV_CC_StopGrabbing failed: 0x80000000
[2026-04-26 15:42:33.436] [info] Reset usb successfully :)
[2026-04-26 15:42:33.436] [warning] MV_CC_EnumDevices failed: 0x80000006
[2026-04-26 15:42:33.536] [warning] MV_CC_StopGrabbing failed: 0x80000000
[2026-04-26 15:42:33.665] [info] Reset usb successfully :)
[2026-04-26 15:42:33.665] [warning] MV_CC_EnumDevices failed: 0x80000006
[2026-04-26 15:42:33.765] [warning] MV_CC_StopGrabbing failed: 0x80000000
[2026-04-26 15:42:33.895] [info] Reset usb successfully :)
[2026-04-26 15:42:33.895] [warning] MV_CC_EnumDevices failed: 0x80000006
[2026-04-26 15:42:33.995] [warning] MV_CC_StopGrabbing failed: 0x80000000
[2026-04-26 15:42:34.125] [info] Reset usb successfully :)
[2026-04-26 15:42:34.125] [warning] MV_CC_EnumDevices failed: 0x80000006
[2026-04-26 15:42:34.225] [warning] MV_CC_StopGrabbing failed: 0x80000000
[2026-04-26 15:42:34.355] [info] Reset usb successfully :)
[2026-04-26 15:42:34.356] [warning] MV_CC_EnumDevices failed: 0x80000006
[2026-04-26 15:42:34.456] [warning] MV_CC_StopGrabbing failed: 0x80000000
[2026-04-26 15:42:34.585] [info] Reset usb successfully :)
[2026-04-26 15:42:34.586] [warning] MV_CC_EnumDevices failed: 0x80000006
[2026-04-26 15:42:34.686] [warning] MV_CC_StopGrabbing failed: 0x80000000
[2026-04-26 15:42:34.815] [info] Reset usb successfully :)
[2026-04-26 15:42:34.816] [warning] MV_CC_EnumDevices failed: 0x80000006
[2026-04-26 15:42:34.916] [warning] MV_CC_StopGrabbing failed: 0x80000000
[2026-04-26 15:42:35.044] [info] Reset usb successfully :)
[2026-04-26 15:42:35.045] [warning] MV_CC_EnumDevices failed: 0x80000006
[2026-04-26 15:42:35.145] [warning] MV_CC_StopGrabbing failed: 0x80000000
[2026-04-26 15:42:35.274] [info] Reset usb successfully :)
[2026-04-26 15:42:35.274] [warning] MV_CC_EnumDevices failed: 0x80000006
[2026-04-26 15:42:35.374] [warning] MV_CC_StopGrabbing failed: 0x80000000
[2026-04-26 15:42:35.503] [info] Reset usb successfully :)
[2026-04-26 15:42:35.503] [warning] MV_CC_EnumDevices failed: 0x80000006
[2026-04-26 15:42:35.603] [warning] MV_CC_StopGrabbing failed: 0x80000000
[2026-04-26 15:42:35.733] [info] Reset usb successfully :)
[2026-04-26 15:42:35.733] [warning] MV_CC_EnumDevices failed: 0x80000006
[2026-04-26 15:42:35.833] [warning] MV_CC_StopGrabbing failed: 0x80000000
[2026-04-26 15:42:35.962] [info] Reset usb successfully :)
[2026-04-26 15:42:35.962] [warning] MV_CC_EnumDevices failed: 0x80000006
[2026-04-26 15:42:36.062] [warning] MV_CC_StopGrabbing failed: 0x80000000
[2026-04-26 15:42:36.193] [info] Reset usb successfully :)
[2026-04-26 15:42:36.193] [warning] MV_CC_EnumDevices failed: 0x80000006
[2026-04-26 15:42:36.293] [warning] MV_CC_StopGrabbing failed: 0x80000000
[2026-04-26 15:42:36.424] [info] Reset usb successfully :)
[2026-04-26 15:42:36.424] [warning] MV_CC_EnumDevices failed: 0x80000006
[2026-04-26 15:42:36.524] [warning] MV_CC_StopGrabbing failed: 0x80000000
[2026-04-26 15:42:36.654] [info] Reset usb successfully :)
[2026-04-26 15:42:36.654] [warning] MV_CC_EnumDevices failed: 0x80000006
[2026-04-26 15:42:36.754] [warning] MV_CC_StopGrabbing failed: 0x80000000
[2026-04-26 15:42:36.884] [info] Reset usb successfully :)
[2026-04-26 15:42:36.884] [warning] MV_CC_EnumDevices failed: 0x80000006
[2026-04-26 15:42:36.984] [warning] MV_CC_StopGrabbing failed: 0x80000000
[2026-04-26 15:42:37.113] [info] Reset usb successfully :)
[2026-04-26 15:42:37.113] [warning] MV_CC_EnumDevices failed: 0x80000006
[2026-04-26 15:42:37.213] [warning] MV_CC_StopGrabbing failed: 0x80000000
[2026-04-26 15:42:37.342] [info] Reset usb successfully :)
[2026-04-26 15:42:37.342] [warning] MV_CC_EnumDevices failed: 0x80000006
[2026-04-26 15:42:37.443] [warning] MV_CC_StopGrabbing failed: 0x80000000
[2026-04-26 15:42:37.573] [info] Reset usb successfully :)
[2026-04-26 15:42:37.573] [warning] MV_CC_EnumDevices failed: 0x80000006
[2026-04-26 15:42:37.673] [warning] MV_CC_StopGrabbing failed: 0x80000000
[2026-04-26 15:42:37.803] [info] Reset usb successfully :)
[2026-04-26 15:42:37.803] [warning] MV_CC_EnumDevices failed: 0x80000006
[2026-04-26 15:42:37.903] [warning] MV_CC_StopGrabbing failed: 0x80000000
[2026-04-26 15:42:38.033] [info] Reset usb successfully :)
[2026-04-26 15:42:38.033] [warning] MV_CC_EnumDevices failed: 0x80000006
[2026-04-26 15:42:38.133] [warning] MV_CC_StopGrabbing failed: 0x80000000
[2026-04-26 15:42:38.264] [info] Reset usb successfully :)
[2026-04-26 15:42:38.264] [warning] MV_CC_EnumDevices failed: 0x80000006
[2026-04-26 15:42:38.365] [warning] MV_CC_StopGrabbing failed: 0x80000000
[2026-04-26 15:42:38.495] [info] Reset usb successfully :)
[2026-04-26 15:42:38.495] [warning] MV_CC_EnumDevices failed: 0x80000006
[2026-04-26 15:42:38.595] [warning] MV_CC_StopGrabbing failed: 0x80000000
[2026-04-26 15:42:38.725] [info] Reset usb successfully :)
[2026-04-26 15:42:38.725] [warning] MV_CC_EnumDevices failed: 0x80000006
[2026-04-26 15:42:38.825] [warning] MV_CC_StopGrabbing failed: 0x80000000
[2026-04-26 15:42:38.955] [info] Reset usb successfully :)
[2026-04-26 15:42:38.955] [warning] MV_CC_EnumDevices failed: 0x80000006
[2026-04-26 15:42:39.055] [warning] MV_CC_StopGrabbing failed: 0x80000000
[2026-04-26 15:42:39.184] [info] Reset usb successfully :)
[2026-04-26 15:42:39.184] [warning] MV_CC_EnumDevices failed: 0x80000006
[2026-04-26 15:42:39.284] [warning] MV_CC_StopGrabbing failed: 0x80000000
[2026-04-26 15:42:39.414] [info] Reset usb successfully :)
[2026-04-26 15:42:39.414] [warning] MV_CC_EnumDevices failed: 0x80000006
[2026-04-26 15:42:39.514] [warning] MV_CC_StopGrabbing failed: 0x80000000
[2026-04-26 15:42:39.645] [info] Reset usb successfully :)
[2026-04-26 15:42:39.646] [warning] MV_CC_EnumDevices failed: 0x80000006
[2026-04-26 15:42:39.746] [warning] MV_CC_StopGrabbing failed: 0x80000000
[2026-04-26 15:42:39.877] [info] Reset usb successfully :)
[2026-04-26 15:42:39.878] [warning] MV_CC_EnumDevices failed: 0x80000006
[2026-04-26 15:42:39.978] [warning] MV_CC_StopGrabbing failed: 0x80000000
[2026-04-26 15:42:40.108] [info] Reset usb successfully :)
[2026-04-26 15:42:40.109] [warning] MV_CC_EnumDevices failed: 0x80000006
[2026-04-26 15:42:40.209] [warning] MV_CC_StopGrabbing failed: 0x80000000
[2026-04-26 15:42:40.338] [info] Reset usb successfully :)
[2026-04-26 15:42:40.338] [warning] MV_CC_EnumDevices failed: 0x80000006
[2026-04-26 15:42:40.438] [warning] MV_CC_StopGrabbing failed: 0x80000000
[2026-04-26 15:42:40.567] [info] Reset usb successfully :)
[2026-04-26 15:42:40.567] [warning] MV_CC_EnumDevices failed: 0x80000006
[2026-04-26 15:42:40.667] [warning] MV_CC_StopGrabbing failed: 0x80000000
[2026-04-26 15:42:40.798] [info] Reset usb successfully :)
[2026-04-26 15:42:40.799] [warning] MV_CC_EnumDevices failed: 0x80000006
[2026-04-26 15:42:40.899] [warning] MV_CC_StopGrabbing failed: 0x80000000
[2026-04-26 15:42:41.029] [info] Reset usb successfully :)
[2026-04-26 15:42:41.031] [warning] MV_CC_EnumDevices failed: 0x80000006
[2026-04-26 15:42:41.131] [warning] MV_CC_StopGrabbing failed: 0x80000000
[2026-04-26 15:42:41.260] [info] Reset usb successfully :)
[2026-04-26 15:42:41.260] [warning] MV_CC_EnumDevices failed: 0x80000006
[2026-04-26 15:42:41.361] [warning] MV_CC_StopGrabbing failed: 0x80000000
[2026-04-26 15:42:41.490] [info] Reset usb successfully :)
[2026-04-26 15:42:41.490] [warning] MV_CC_EnumDevices failed: 0x80000006
[2026-04-26 15:42:41.590] [warning] MV_CC_StopGrabbing failed: 0x80000000
[2026-04-26 15:42:41.719] [info] Reset usb successfully :)
[2026-04-26 15:42:41.719] [warning] MV_CC_EnumDevices failed: 0x80000006
[2026-04-26 15:42:41.819] [warning] MV_CC_StopGrabbing failed: 0x80000000
[2026-04-26 15:42:41.950] [info] Reset usb successfully :)
[2026-04-26 15:42:41.950] [warning] MV_CC_EnumDevices failed: 0x80000006
[2026-04-26 15:42:42.050] [warning] MV_CC_StopGrabbing failed: 0x80000000
[2026-04-26 15:42:42.179] [info] Reset usb successfully :)
[2026-04-26 15:42:42.179] [warning] MV_CC_EnumDevices failed: 0x80000006
[2026-04-26 15:42:42.279] [warning] MV_CC_StopGrabbing failed: 0x80000000
[2026-04-26 15:42:42.410] [info] Reset usb successfully :)
[2026-04-26 15:42:42.410] [warning] MV_CC_EnumDevices failed: 0x80000006
[2026-04-26 15:42:42.511] [warning] MV_CC_StopGrabbing failed: 0x80000000
[2026-04-26 15:42:42.641] [info] Reset usb successfully :)
[2026-04-26 15:42:42.641] [warning] MV_CC_EnumDevices failed: 0x80000006
[2026-04-26 15:42:42.741] [warning] MV_CC_StopGrabbing failed: 0x80000000
[2026-04-26 15:42:42.871] [info] Reset usb successfully :)
[2026-04-26 15:42:42.872] [warning] MV_CC_EnumDevices failed: 0x80000006
[2026-04-26 15:42:42.972] [warning] MV_CC_StopGrabbing failed: 0x80000000
[2026-04-26 15:42:43.102] [info] Reset usb successfully :)
[2026-04-26 15:42:43.103] [warning] MV_CC_EnumDevices failed: 0x80000006
[2026-04-26 15:42:43.203] [warning] MV_CC_StopGrabbing failed: 0x80000000
[2026-04-26 15:42:43.334] [info] Reset usb successfully :)
[2026-04-26 15:42:43.334] [warning] MV_CC_EnumDevices failed: 0x80000006
[2026-04-26 15:42:43.434] [warning] MV_CC_StopGrabbing failed: 0x80000000
[2026-04-26 15:42:43.565] [info] Reset usb successfully :)
[2026-04-26 15:42:43.565] [warning] MV_CC_EnumDevices failed: 0x80000006
[2026-04-26 15:42:43.665] [warning] MV_CC_StopGrabbing failed: 0x80000000
[2026-04-26 15:42:43.794] [info] Reset usb successfully :)
[2026-04-26 15:42:43.794] [warning] MV_CC_EnumDevices failed: 0x80000006
[2026-04-26 15:42:43.894] [warning] MV_CC_StopGrabbing failed: 0x80000000
[2026-04-26 15:42:44.026] [info] Reset usb successfully :)
[2026-04-26 15:42:44.026] [warning] MV_CC_EnumDevices failed: 0x80000006
[2026-04-26 15:42:44.126] [warning] MV_CC_StopGrabbing failed: 0x80000000
[2026-04-26 15:42:44.256] [info] Reset usb successfully :)
[2026-04-26 15:42:44.257] [warning] MV_CC_EnumDevices failed: 0x80000006
[2026-04-26 15:42:44.357] [warning] MV_CC_StopGrabbing failed: 0x80000000
[2026-04-26 15:42:44.488] [info] Reset usb successfully :)
[2026-04-26 15:42:44.489] [warning] MV_CC_EnumDevices failed: 0x80000006
[2026-04-26 15:42:44.589] [warning] MV_CC_StopGrabbing failed: 0x80000000
[2026-04-26 15:42:44.719] [info] Reset usb successfully :)
[2026-04-26 15:42:44.719] [warning] MV_CC_EnumDevices failed: 0x80000006
[2026-04-26 15:42:44.819] [warning] MV_CC_StopGrabbing failed: 0x80000000
[2026-04-26 15:42:44.949] [info] Reset usb successfully :)
[2026-04-26 15:42:44.949] [warning] MV_CC_EnumDevices failed: 0x80000006
[2026-04-26 15:42:45.049] [warning] MV_CC_StopGrabbing failed: 0x80000000
[2026-04-26 15:42:45.179] [info] Reset usb successfully :)
[2026-04-26 15:42:45.179] [warning] MV_CC_EnumDevices failed: 0x80000006
[2026-04-26 15:42:45.280] [warning] MV_CC_StopGrabbing failed: 0x80000000
[2026-04-26 15:42:45.410] [info] Reset usb successfully :)
[2026-04-26 15:42:45.411] [warning] MV_CC_EnumDevices failed: 0x80000006
[2026-04-26 15:42:45.511] [warning] MV_CC_StopGrabbing failed: 0x80000000
[2026-04-26 15:42:45.641] [info] Reset usb successfully :)
[2026-04-26 15:42:45.641] [warning] MV_CC_EnumDevices failed: 0x80000006
[2026-04-26 15:42:45.742] [warning] MV_CC_StopGrabbing failed: 0x80000000
[2026-04-26 15:42:45.873] [info] Reset usb successfully :)
[2026-04-26 15:42:45.874] [warning] MV_CC_EnumDevices failed: 0x80000006
[2026-04-26 15:42:45.974] [warning] MV_CC_StopGrabbing failed: 0x80000000
[2026-04-26 15:42:46.104] [info] Reset usb successfully :)
[2026-04-26 15:42:46.104] [warning] MV_CC_EnumDevices failed: 0x80000006
[2026-04-26 15:42:46.204] [warning] MV_CC_StopGrabbing failed: 0x80000000
[2026-04-26 15:42:46.333] [info] Reset usb successfully :)
[2026-04-26 15:42:46.334] [warning] MV_CC_EnumDevices failed: 0x80000006
[2026-04-26 15:42:46.434] [warning] MV_CC_StopGrabbing failed: 0x80000000
[2026-04-26 15:42:46.564] [info] Reset usb successfully :)
[2026-04-26 15:42:46.564] [warning] MV_CC_EnumDevices failed: 0x80000006
[2026-04-26 15:42:46.664] [warning] MV_CC_StopGrabbing failed: 0x80000000
[2026-04-26 15:42:46.793] [info] Reset usb successfully :)
[2026-04-26 15:42:46.793] [warning] MV_CC_EnumDevices failed: 0x80000006
[2026-04-26 15:42:46.893] [warning] MV_CC_StopGrabbing failed: 0x80000000
[2026-04-26 15:42:47.022] [info] Reset usb successfully :)
[2026-04-26 15:42:47.022] [warning] MV_CC_EnumDevices failed: 0x80000006
[2026-04-26 15:42:47.123] [warning] MV_CC_StopGrabbing failed: 0x80000000
[2026-04-26 15:42:47.251] [info] Reset usb successfully :)
[2026-04-26 15:42:47.251] [warning] MV_CC_EnumDevices failed: 0x80000006
[2026-04-26 15:42:47.352] [warning] MV_CC_StopGrabbing failed: 0x80000000
[2026-04-26 15:42:47.480] [info] Reset usb successfully :)
[2026-04-26 15:42:47.481] [warning] MV_CC_EnumDevices failed: 0x80000006
[2026-04-26 15:42:47.581] [warning] MV_CC_StopGrabbing failed: 0x80000000
[2026-04-26 15:42:47.712] [info] Reset usb successfully :)
[2026-04-26 15:42:47.712] [warning] MV_CC_EnumDevices failed: 0x80000006
[2026-04-26 15:42:47.812] [warning] MV_CC_StopGrabbing failed: 0x80000000
[2026-04-26 15:42:47.941] [info] Reset usb successfully :)
[2026-04-26 15:42:47.941] [warning] MV_CC_EnumDevices failed: 0x80000006
[2026-04-26 15:42:48.041] [warning] MV_CC_StopGrabbing failed: 0x80000000
[2026-04-26 15:42:48.170] [info] Reset usb successfully :)
[2026-04-26 15:42:48.170] [warning] MV_CC_EnumDevices failed: 0x80000006
[2026-04-26 15:42:48.270] [warning] MV_CC_StopGrabbing failed: 0x80000000
[2026-04-26 15:42:48.400] [info] Reset usb successfully :)
[2026-04-26 15:42:48.400] [warning] MV_CC_EnumDevices failed: 0x80000006
[2026-04-26 15:42:48.500] [warning] MV_CC_StopGrabbing failed: 0x80000000
[2026-04-26 15:42:48.630] [info] Reset usb successfully :)
[2026-04-26 15:42:48.631] [warning] MV_CC_EnumDevices failed: 0x80000006
[2026-04-26 15:42:48.731] [warning] MV_CC_StopGrabbing failed: 0x80000000
[2026-04-26 15:42:48.861] [info] Reset usb successfully :)
[2026-04-26 15:42:48.861] [warning] MV_CC_EnumDevices failed: 0x80000006
[2026-04-26 15:42:48.961] [warning] MV_CC_StopGrabbing failed: 0x80000000
[2026-04-26 15:42:49.090] [info] Reset usb successfully :)
[2026-04-26 15:42:49.090] [warning] MV_CC_EnumDevices failed: 0x80000006
[2026-04-26 15:42:49.190] [warning] MV_CC_StopGrabbing failed: 0x80000000
[2026-04-26 15:42:49.319] [info] Reset usb successfully :)
[2026-04-26 15:42:49.319] [warning] MV_CC_EnumDevices failed: 0x80000006
[2026-04-26 15:42:49.419] [warning] MV_CC_StopGrabbing failed: 0x80000000
[2026-04-26 15:42:49.548] [info] Reset usb successfully :)
[2026-04-26 15:42:49.548] [warning] MV_CC_EnumDevices failed: 0x80000006
[2026-04-26 15:42:49.648] [warning] MV_CC_StopGrabbing failed: 0x80000000
[2026-04-26 15:42:49.778] [info] Reset usb successfully :)
[2026-04-26 15:42:49.778] [warning] MV_CC_EnumDevices failed: 0x80000006
[2026-04-26 15:42:49.878] [warning] MV_CC_StopGrabbing failed: 0x80000000
[2026-04-26 15:42:50.008] [info] Reset usb successfully :)
[2026-04-26 15:42:50.008] [warning] MV_CC_EnumDevices failed: 0x80000006
[2026-04-26 15:42:50.108] [warning] MV_CC_StopGrabbing failed: 0x80000000
[2026-04-26 15:42:50.237] [info] Reset usb successfully :)
[2026-04-26 15:42:50.237] [warning] MV_CC_EnumDevices failed: 0x80000006
[2026-04-26 15:42:50.337] [warning] MV_CC_StopGrabbing failed: 0x80000000
[2026-04-26 15:42:50.468] [info] Reset usb successfully :)
[2026-04-26 15:42:50.468] [warning] MV_CC_EnumDevices failed: 0x80000006
[2026-04-26 15:42:50.568] [warning] MV_CC_StopGrabbing failed: 0x80000000
[2026-04-26 15:42:50.699] [info] Reset usb successfully :)
[2026-04-26 15:42:50.700] [warning] MV_CC_EnumDevices failed: 0x80000006
[2026-04-26 15:42:50.800] [warning] MV_CC_StopGrabbing failed: 0x80000000
[2026-04-26 15:42:50.930] [info] Reset usb successfully :)
[2026-04-26 15:42:50.930] [warning] MV_CC_EnumDevices failed: 0x80000006
[2026-04-26 15:42:51.031] [warning] MV_CC_StopGrabbing failed: 0x80000000
[2026-04-26 15:42:51.159] [info] Reset usb successfully :)
[2026-04-26 15:42:51.159] [warning] MV_CC_EnumDevices failed: 0x80000006
[2026-04-26 15:42:51.259] [warning] MV_CC_StopGrabbing failed: 0x80000000
[2026-04-26 15:42:51.390] [info] Reset usb successfully :)
[2026-04-26 15:42:51.390] [warning] MV_CC_EnumDevices failed: 0x80000006
[2026-04-26 15:42:51.490] [warning] MV_CC_StopGrabbing failed: 0x80000000
[2026-04-26 15:42:51.620] [info] Reset usb successfully :)
[2026-04-26 15:42:51.620] [warning] MV_CC_EnumDevices failed: 0x80000006
[2026-04-26 15:42:51.720] [warning] MV_CC_StopGrabbing failed: 0x80000000
[2026-04-26 15:42:51.850] [info] Reset usb successfully :)
[2026-04-26 15:42:51.850] [warning] MV_CC_EnumDevices failed: 0x80000006
[2026-04-26 15:42:51.950] [warning] MV_CC_StopGrabbing failed: 0x80000000
[2026-04-26 15:42:52.082] [info] Reset usb successfully :)
[2026-04-26 15:42:52.082] [warning] MV_CC_EnumDevices failed: 0x80000006
[2026-04-26 15:42:52.182] [warning] MV_CC_StopGrabbing failed: 0x80000000
[2026-04-26 15:42:52.311] [info] Reset usb successfully :)
[2026-04-26 15:42:52.311] [warning] MV_CC_EnumDevices failed: 0x80000006
[2026-04-26 15:42:52.411] [warning] MV_CC_StopGrabbing failed: 0x80000000
[2026-04-26 15:42:52.541] [info] Reset usb successfully :)
[2026-04-26 15:42:52.541] [warning] MV_CC_EnumDevices failed: 0x80000006
[2026-04-26 15:42:52.641] [warning] MV_CC_StopGrabbing failed: 0x80000000
[2026-04-26 15:42:52.771] [info] Reset usb successfully :)
[2026-04-26 15:42:52.771] [warning] MV_CC_EnumDevices failed: 0x80000006
[2026-04-26 15:42:52.871] [warning] MV_CC_StopGrabbing failed: 0x80000000
[2026-04-26 15:42:53.001] [info] Reset usb successfully :)
[2026-04-26 15:42:53.001] [warning] MV_CC_EnumDevices failed: 0x80000006
[2026-04-26 15:42:53.101] [warning] MV_CC_StopGrabbing failed: 0x80000000
[2026-04-26 15:42:53.230] [info] Reset usb successfully :)
[2026-04-26 15:42:53.231] [warning] MV_CC_EnumDevices failed: 0x80000006
[2026-04-26 15:42:53.331] [warning] MV_CC_StopGrabbing failed: 0x80000000
[2026-04-26 15:42:53.461] [info] Reset usb successfully :)
[2026-04-26 15:42:53.461] [warning] MV_CC_EnumDevices failed: 0x80000006
[2026-04-26 15:42:53.561] [warning] MV_CC_StopGrabbing failed: 0x80000000
[2026-04-26 15:42:53.691] [info] Reset usb successfully :)
[2026-04-26 15:42:53.691] [warning] MV_CC_EnumDevices failed: 0x80000006
[2026-04-26 15:42:53.791] [warning] MV_CC_StopGrabbing failed: 0x80000000
[2026-04-26 15:42:53.921] [info] Reset usb successfully :)
[2026-04-26 15:42:53.921] [warning] MV_CC_EnumDevices failed: 0x80000006
[2026-04-26 15:42:54.021] [warning] MV_CC_StopGrabbing failed: 0x80000000
[2026-04-26 15:42:54.150] [info] Reset usb successfully :)
[2026-04-26 15:42:54.151] [warning] MV_CC_EnumDevices failed: 0x80000006
[2026-04-26 15:42:54.251] [warning] MV_CC_StopGrabbing failed: 0x80000000
[2026-04-26 15:42:54.381] [info] Reset usb successfully :)
[2026-04-26 15:42:54.381] [warning] MV_CC_EnumDevices failed: 0x80000006
[2026-04-26 15:42:54.481] [warning] MV_CC_StopGrabbing failed: 0x80000000
[2026-04-26 15:42:54.611] [info] Reset usb successfully :)
[2026-04-26 15:42:54.611] [warning] MV_CC_EnumDevices failed: 0x80000006
[2026-04-26 15:42:54.712] [warning] MV_CC_StopGrabbing failed: 0x80000000
[2026-04-26 15:42:54.840] [info] Reset usb successfully :)
[2026-04-26 15:42:54.841] [warning] MV_CC_EnumDevices failed: 0x80000006
[2026-04-26 15:42:54.941] [warning] MV_CC_StopGrabbing failed: 0x80000000
[2026-04-26 15:42:55.071] [info] Reset usb successfully :)
[2026-04-26 15:42:55.071] [warning] MV_CC_EnumDevices failed: 0x80000006
[2026-04-26 15:42:55.172] [warning] MV_CC_StopGrabbing failed: 0x80000000
[2026-04-26 15:42:55.301] [info] Reset usb successfully :)
[2026-04-26 15:42:55.301] [warning] MV_CC_EnumDevices failed: 0x80000006
[2026-04-26 15:42:55.402] [warning] MV_CC_StopGrabbing failed: 0x80000000
[2026-04-26 15:42:55.532] [info] Reset usb successfully :)
[2026-04-26 15:42:55.532] [warning] MV_CC_EnumDevices failed: 0x80000006
[2026-04-26 15:42:55.632] [warning] MV_CC_StopGrabbing failed: 0x80000000
[2026-04-26 15:42:55.761] [info] Reset usb successfully :)
[2026-04-26 15:42:55.761] [warning] MV_CC_EnumDevices failed: 0x80000006
[2026-04-26 15:42:55.861] [warning] MV_CC_StopGrabbing failed: 0x80000000
[2026-04-26 15:42:55.990] [info] Reset usb successfully :)
[2026-04-26 15:42:55.990] [warning] MV_CC_EnumDevices failed: 0x80000006
[2026-04-26 15:42:56.091] [warning] MV_CC_StopGrabbing failed: 0x80000000
[2026-04-26 15:42:56.219] [info] Reset usb successfully :)
[2026-04-26 15:42:56.220] [warning] MV_CC_EnumDevices failed: 0x80000006
[2026-04-26 15:42:56.320] [warning] MV_CC_StopGrabbing failed: 0x80000000
[2026-04-26 15:42:56.449] [info] Reset usb successfully :)
[2026-04-26 15:42:56.449] [warning] MV_CC_EnumDevices failed: 0x80000006
[2026-04-26 15:42:56.549] [warning] MV_CC_StopGrabbing failed: 0x80000000
[2026-04-26 15:42:56.678] [info] Reset usb successfully :)
[2026-04-26 15:42:56.678] [warning] MV_CC_EnumDevices failed: 0x80000006
[2026-04-26 15:42:56.778] [warning] MV_CC_StopGrabbing failed: 0x80000000
[2026-04-26 15:42:56.908] [info] Reset usb successfully :)
[2026-04-26 15:42:56.909] [warning] MV_CC_EnumDevices failed: 0x80000006
[2026-04-26 15:42:57.009] [warning] MV_CC_StopGrabbing failed: 0x80000000
[2026-04-26 15:42:57.139] [info] Reset usb successfully :)
[2026-04-26 15:42:57.140] [warning] MV_CC_EnumDevices failed: 0x80000006
[2026-04-26 15:42:57.240] [warning] MV_CC_StopGrabbing failed: 0x80000000
[2026-04-26 15:42:57.369] [info] Reset usb successfully :)
[2026-04-26 15:42:57.370] [warning] MV_CC_EnumDevices failed: 0x80000006
[2026-04-26 15:42:57.470] [warning] MV_CC_StopGrabbing failed: 0x80000000
[2026-04-26 15:42:57.599] [info] Reset usb successfully :)
[2026-04-26 15:42:57.600] [warning] MV_CC_EnumDevices failed: 0x80000006
[2026-04-26 15:42:57.700] [warning] MV_CC_StopGrabbing failed: 0x80000000
[2026-04-26 15:42:57.830] [info] Reset usb successfully :)
[2026-04-26 15:42:57.830] [warning] MV_CC_EnumDevices failed: 0x80000006
[2026-04-26 15:42:57.930] [warning] MV_CC_StopGrabbing failed: 0x80000000
[2026-04-26 15:42:58.059] [info] Reset usb successfully :)
[2026-04-26 15:42:58.059] [warning] MV_CC_EnumDevices failed: 0x80000006
[2026-04-26 15:42:58.159] [warning] MV_CC_StopGrabbing failed: 0x80000000
[2026-04-26 15:42:58.290] [info] Reset usb successfully :)
[2026-04-26 15:42:58.291] [warning] MV_CC_EnumDevices failed: 0x80000006
[2026-04-26 15:42:58.391] [warning] MV_CC_StopGrabbing failed: 0x80000000
[2026-04-26 15:42:58.522] [info] Reset usb successfully :)
[2026-04-26 15:42:58.523] [warning] MV_CC_EnumDevices failed: 0x80000006
[2026-04-26 15:42:58.623] [warning] MV_CC_StopGrabbing failed: 0x80000000
[2026-04-26 15:42:58.753] [info] Reset usb successfully :)
[2026-04-26 15:42:58.753] [warning] MV_CC_EnumDevices failed: 0x80000006
[2026-04-26 15:42:58.853] [warning] MV_CC_StopGrabbing failed: 0x80000000
[2026-04-26 15:42:58.985] [info] Reset usb successfully :)
[2026-04-26 15:42:58.986] [warning] MV_CC_EnumDevices failed: 0x80000006
[2026-04-26 15:42:59.086] [warning] MV_CC_StopGrabbing failed: 0x80000000
[2026-04-26 15:42:59.216] [info] Reset usb successfully :)
[2026-04-26 15:42:59.216] [warning] MV_CC_EnumDevices failed: 0x80000006
[2026-04-26 15:42:59.316] [warning] MV_CC_StopGrabbing failed: 0x80000000
[2026-04-26 15:42:59.446] [info] Reset usb successfully :)
[2026-04-26 15:42:59.446] [warning] MV_CC_EnumDevices failed: 0x80000006
[2026-04-26 15:42:59.546] [warning] MV_CC_StopGrabbing failed: 0x80000000
[2026-04-26 15:42:59.675] [info] Reset usb successfully :)
[2026-04-26 15:42:59.675] [warning] MV_CC_EnumDevices failed: 0x80000006
[2026-04-26 15:42:59.775] [warning] MV_CC_StopGrabbing failed: 0x80000000
[2026-04-26 15:42:59.904] [info] Reset usb successfully :)
[2026-04-26 15:42:59.904] [warning] MV_CC_EnumDevices failed: 0x80000006
[2026-04-26 15:43:00.004] [warning] MV_CC_StopGrabbing failed: 0x80000000
[2026-04-26 15:43:00.135] [info] Reset usb successfully :)
[2026-04-26 15:43:00.135] [warning] MV_CC_EnumDevices failed: 0x80000006
[2026-04-26 15:43:00.235] [warning] MV_CC_StopGrabbing failed: 0x80000000
[2026-04-26 15:43:00.365] [info] Reset usb successfully :)
[2026-04-26 15:43:00.365] [warning] MV_CC_EnumDevices failed: 0x80000006
[2026-04-26 15:43:00.465] [warning] MV_CC_StopGrabbing failed: 0x80000000
[2026-04-26 15:43:00.594] [info] Reset usb successfully :)
[2026-04-26 15:43:00.594] [warning] MV_CC_EnumDevices failed: 0x80000006
[2026-04-26 15:43:00.694] [warning] MV_CC_StopGrabbing failed: 0x80000000
[2026-04-26 15:43:00.823] [info] Reset usb successfully :)
[2026-04-26 15:43:00.823] [warning] MV_CC_EnumDevices failed: 0x80000006
[2026-04-26 15:43:00.923] [warning] MV_CC_StopGrabbing failed: 0x80000000
[2026-04-26 15:43:01.052] [info] Reset usb successfully :)
[2026-04-26 15:43:01.052] [warning] MV_CC_EnumDevices failed: 0x80000006
[2026-04-26 15:43:01.152] [warning] MV_CC_StopGrabbing failed: 0x80000000
[2026-04-26 15:43:01.281] [info] Reset usb successfully :)
[2026-04-26 15:43:01.281] [warning] MV_CC_EnumDevices failed: 0x80000006
[2026-04-26 15:43:01.381] [warning] MV_CC_StopGrabbing failed: 0x80000000
[2026-04-26 15:43:01.510] [info] Reset usb successfully :)
[2026-04-26 15:43:01.511] [warning] MV_CC_EnumDevices failed: 0x80000006
[2026-04-26 15:43:01.611] [warning] MV_CC_StopGrabbing failed: 0x80000000
[2026-04-26 15:43:01.740] [info] Reset usb successfully :)
[2026-04-26 15:43:01.740] [warning] MV_CC_EnumDevices failed: 0x80000006
[2026-04-26 15:43:01.840] [warning] MV_CC_StopGrabbing failed: 0x80000000
[2026-04-26 15:43:01.969] [info] Reset usb successfully :)
[2026-04-26 15:43:01.969] [warning] MV_CC_EnumDevices failed: 0x80000006
[2026-04-26 15:43:02.069] [warning] MV_CC_StopGrabbing failed: 0x80000000
[2026-04-26 15:43:02.200] [info] Reset usb successfully :)
[2026-04-26 15:43:02.200] [warning] MV_CC_EnumDevices failed: 0x80000006
[2026-04-26 15:43:02.300] [warning] MV_CC_StopGrabbing failed: 0x80000000
[2026-04-26 15:43:02.430] [info] Reset usb successfully :)
[2026-04-26 15:43:02.430] [warning] MV_CC_EnumDevices failed: 0x80000006
[2026-04-26 15:43:02.530] [warning] MV_CC_StopGrabbing failed: 0x80000000
[2026-04-26 15:43:02.660] [info] Reset usb successfully :)
[2026-04-26 15:43:02.660] [warning] MV_CC_EnumDevices failed: 0x80000006
[2026-04-26 15:43:02.760] [warning] MV_CC_StopGrabbing failed: 0x80000000
[2026-04-26 15:43:02.889] [info] Reset usb successfully :)
[2026-04-26 15:43:02.890] [warning] MV_CC_EnumDevices failed: 0x80000006
[2026-04-26 15:43:02.990] [warning] MV_CC_StopGrabbing failed: 0x80000000
[2026-04-26 15:43:03.120] [info] Reset usb successfully :)
[2026-04-26 15:43:03.120] [warning] MV_CC_EnumDevices failed: 0x80000006
[2026-04-26 15:43:03.220] [warning] MV_CC_StopGrabbing failed: 0x80000000
[2026-04-26 15:43:03.351] [info] Reset usb successfully :)
[2026-04-26 15:43:03.352] [warning] MV_CC_EnumDevices failed: 0x80000006
[2026-04-26 15:43:03.452] [warning] MV_CC_StopGrabbing failed: 0x80000000
[2026-04-26 15:43:03.583] [info] Reset usb successfully :)
[2026-04-26 15:43:03.584] [warning] MV_CC_EnumDevices failed: 0x80000006
[2026-04-26 15:43:03.684] [warning] MV_CC_StopGrabbing failed: 0x80000000
[2026-04-26 15:43:03.813] [info] Reset usb successfully :)
[2026-04-26 15:43:03.814] [warning] MV_CC_EnumDevices failed: 0x80000006
[2026-04-26 15:43:03.914] [warning] MV_CC_StopGrabbing failed: 0x80000000
[2026-04-26 15:43:04.043] [info] Reset usb successfully :)
[2026-04-26 15:43:04.043] [warning] MV_CC_EnumDevices failed: 0x80000006
[2026-04-26 15:43:04.143] [warning] MV_CC_StopGrabbing failed: 0x80000000
[2026-04-26 15:43:04.274] [info] Reset usb successfully :)
[2026-04-26 15:43:04.274] [warning] MV_CC_EnumDevices failed: 0x80000006
[2026-04-26 15:43:04.375] [warning] MV_CC_StopGrabbing failed: 0x80000000
[2026-04-26 15:43:04.504] [info] Reset usb successfully :)
[2026-04-26 15:43:04.505] [warning] MV_CC_EnumDevices failed: 0x80000006
[2026-04-26 15:43:04.605] [warning] MV_CC_StopGrabbing failed: 0x80000000
[2026-04-26 15:43:04.734] [info] Reset usb successfully :)
[2026-04-26 15:43:04.735] [warning] MV_CC_EnumDevices failed: 0x80000006
[2026-04-26 15:43:04.835] [warning] MV_CC_StopGrabbing failed: 0x80000000
[2026-04-26 15:43:04.965] [info] Reset usb successfully :)
[2026-04-26 15:43:04.966] [warning] MV_CC_EnumDevices failed: 0x80000006
[2026-04-26 15:43:05.066] [warning] MV_CC_StopGrabbing failed: 0x80000000
[2026-04-26 15:43:05.198] [info] Reset usb successfully :)
[2026-04-26 15:43:05.199] [warning] MV_CC_EnumDevices failed: 0x80000006
[2026-04-26 15:43:05.299] [warning] MV_CC_StopGrabbing failed: 0x80000000
[2026-04-26 15:43:05.430] [info] Reset usb successfully :)
[2026-04-26 15:43:05.430] [warning] MV_CC_EnumDevices failed: 0x80000006
[2026-04-26 15:43:05.530] [warning] MV_CC_StopGrabbing failed: 0x80000000
[2026-04-26 15:43:05.660] [info] Reset usb successfully :)
[2026-04-26 15:43:05.661] [warning] MV_CC_EnumDevices failed: 0x80000006
[2026-04-26 15:43:05.761] [warning] MV_CC_StopGrabbing failed: 0x80000000
[2026-04-26 15:43:05.893] [info] Reset usb successfully :)
[2026-04-26 15:43:05.893] [warning] MV_CC_EnumDevices failed: 0x80000006
[2026-04-26 15:43:05.994] [warning] MV_CC_StopGrabbing failed: 0x80000000
[2026-04-26 15:43:06.122] [info] Reset usb successfully :)
[2026-04-26 15:43:06.122] [warning] MV_CC_EnumDevices failed: 0x80000006
[2026-04-26 15:43:06.222] [warning] MV_CC_StopGrabbing failed: 0x80000000
[2026-04-26 15:43:06.352] [info] Reset usb successfully :)
[2026-04-26 15:43:06.352] [warning] MV_CC_EnumDevices failed: 0x80000006
[2026-04-26 15:43:06.452] [warning] MV_CC_StopGrabbing failed: 0x80000000
[2026-04-26 15:43:06.582] [info] Reset usb successfully :)
[2026-04-26 15:43:06.582] [warning] MV_CC_EnumDevices failed: 0x80000006
[2026-04-26 15:43:06.682] [warning] MV_CC_StopGrabbing failed: 0x80000000
[2026-04-26 15:43:06.811] [info] Reset usb successfully :)
[2026-04-26 15:43:06.811] [warning] MV_CC_EnumDevices failed: 0x80000006
[2026-04-26 15:43:06.912] [warning] MV_CC_StopGrabbing failed: 0x80000000
[2026-04-26 15:43:07.042] [info] Reset usb successfully :)
[2026-04-26 15:43:07.043] [warning] MV_CC_EnumDevices failed: 0x80000006
[2026-04-26 15:43:07.143] [warning] MV_CC_StopGrabbing failed: 0x80000000
[2026-04-26 15:43:07.271] [info] Reset usb successfully :)
[2026-04-26 15:43:07.271] [warning] MV_CC_EnumDevices failed: 0x80000006
[2026-04-26 15:43:07.372] [warning] MV_CC_StopGrabbing failed: 0x80000000
[2026-04-26 15:43:07.501] [info] Reset usb successfully :)
[2026-04-26 15:43:07.501] [warning] MV_CC_EnumDevices failed: 0x80000006
[2026-04-26 15:43:07.601] [warning] MV_CC_StopGrabbing failed: 0x80000000
[2026-04-26 15:43:07.731] [info] Reset usb successfully :)
[2026-04-26 15:43:07.732] [warning] MV_CC_EnumDevices failed: 0x80000006
[2026-04-26 15:43:07.832] [warning] MV_CC_StopGrabbing failed: 0x80000000
[2026-04-26 15:43:07.961] [info] Reset usb successfully :)
[2026-04-26 15:43:07.962] [warning] MV_CC_EnumDevices failed: 0x80000006
[2026-04-26 15:43:08.062] [warning] MV_CC_StopGrabbing failed: 0x80000000
[2026-04-26 15:43:08.192] [info] Reset usb successfully :)
[2026-04-26 15:43:08.193] [warning] MV_CC_EnumDevices failed: 0x80000006
[2026-04-26 15:43:08.293] [warning] MV_CC_StopGrabbing failed: 0x80000000
[2026-04-26 15:43:08.422] [info] Reset usb successfully :)
[2026-04-26 15:43:08.423] [warning] MV_CC_EnumDevices failed: 0x80000006
[2026-04-26 15:43:08.523] [warning] MV_CC_StopGrabbing failed: 0x80000000
[2026-04-26 15:43:08.653] [info] Reset usb successfully :)
[2026-04-26 15:43:08.653] [warning] MV_CC_EnumDevices failed: 0x80000006
[2026-04-26 15:43:08.753] [warning] MV_CC_StopGrabbing failed: 0x80000000
[2026-04-26 15:43:08.886] [info] Reset usb successfully :)
[2026-04-26 15:43:08.886] [warning] MV_CC_EnumDevices failed: 0x80000006
[2026-04-26 15:43:08.986] [warning] MV_CC_StopGrabbing failed: 0x80000000
[2026-04-26 15:43:09.115] [info] Reset usb successfully :)
[2026-04-26 15:43:09.116] [warning] MV_CC_EnumDevices failed: 0x80000006
[2026-04-26 15:43:09.216] [warning] MV_CC_StopGrabbing failed: 0x80000000
[2026-04-26 15:43:09.346] [info] Reset usb successfully :)
[2026-04-26 15:43:09.347] [warning] MV_CC_EnumDevices failed: 0x80000006
[2026-04-26 15:43:09.447] [warning] MV_CC_StopGrabbing failed: 0x80000000
[2026-04-26 15:43:09.577] [info] Reset usb successfully :)
[2026-04-26 15:43:09.577] [warning] MV_CC_EnumDevices failed: 0x80000006
[2026-04-26 15:43:09.677] [warning] MV_CC_StopGrabbing failed: 0x80000000
[2026-04-26 15:43:09.808] [info] Reset usb successfully :)
[2026-04-26 15:43:09.808] [warning] MV_CC_EnumDevices failed: 0x80000006
[2026-04-26 15:43:09.908] [warning] MV_CC_StopGrabbing failed: 0x80000000
[2026-04-26 15:43:10.038] [info] Reset usb successfully :)
[2026-04-26 15:43:10.039] [warning] MV_CC_EnumDevices failed: 0x80000006
[2026-04-26 15:43:10.139] [warning] MV_CC_StopGrabbing failed: 0x80000000
[2026-04-26 15:43:10.271] [info] Reset usb successfully :)
[2026-04-26 15:43:10.271] [warning] MV_CC_EnumDevices failed: 0x80000006
[2026-04-26 15:43:10.371] [warning] MV_CC_StopGrabbing failed: 0x80000000
[2026-04-26 15:43:10.500] [info] Reset usb successfully :)
[2026-04-26 15:43:10.500] [warning] MV_CC_EnumDevices failed: 0x80000006
[2026-04-26 15:43:10.600] [warning] MV_CC_StopGrabbing failed: 0x80000000
[2026-04-26 15:43:10.731] [info] Reset usb successfully :)
[2026-04-26 15:43:10.732] [warning] MV_CC_EnumDevices failed: 0x80000006
[2026-04-26 15:43:10.832] [warning] MV_CC_StopGrabbing failed: 0x80000000
[2026-04-26 15:43:10.961] [info] Reset usb successfully :)
[2026-04-26 15:43:10.961] [warning] MV_CC_EnumDevices failed: 0x80000006
[2026-04-26 15:43:11.061] [warning] MV_CC_StopGrabbing failed: 0x80000000
[2026-04-26 15:43:11.192] [info] Reset usb successfully :)
[2026-04-26 15:43:11.192] [warning] MV_CC_EnumDevices failed: 0x80000006
[2026-04-26 15:43:11.292] [warning] MV_CC_StopGrabbing failed: 0x80000000
[2026-04-26 15:43:11.422] [info] Reset usb successfully :)
[2026-04-26 15:43:11.422] [warning] MV_CC_EnumDevices failed: 0x80000006
[2026-04-26 15:43:11.522] [warning] MV_CC_StopGrabbing failed: 0x80000000
[2026-04-26 15:43:11.652] [info] Reset usb successfully :)
[2026-04-26 15:43:11.652] [warning] MV_CC_EnumDevices failed: 0x80000006
[2026-04-26 15:43:11.752] [warning] MV_CC_StopGrabbing failed: 0x80000000
[2026-04-26 15:43:11.881] [info] Reset usb successfully :)
[2026-04-26 15:43:11.881] [warning] MV_CC_EnumDevices failed: 0x80000006
[2026-04-26 15:43:11.982] [warning] MV_CC_StopGrabbing failed: 0x80000000
[2026-04-26 15:43:12.111] [info] Reset usb successfully :)
[2026-04-26 15:43:12.111] [warning] MV_CC_EnumDevices failed: 0x80000006
[2026-04-26 15:43:12.211] [warning] MV_CC_StopGrabbing failed: 0x80000000
[2026-04-26 15:43:12.342] [info] Reset usb successfully :)
[2026-04-26 15:43:12.342] [warning] MV_CC_EnumDevices failed: 0x80000006
[2026-04-26 15:43:12.443] [warning] MV_CC_StopGrabbing failed: 0x80000000
[2026-04-26 15:43:12.571] [info] Reset usb successfully :)
[2026-04-26 15:43:12.571] [warning] MV_CC_EnumDevices failed: 0x80000006
[2026-04-26 15:43:12.672] [warning] MV_CC_StopGrabbing failed: 0x80000000
[2026-04-26 15:43:12.801] [info] Reset usb successfully :)
[2026-04-26 15:43:12.801] [warning] MV_CC_EnumDevices failed: 0x80000006
[2026-04-26 15:43:12.901] [warning] MV_CC_StopGrabbing failed: 0x80000000
[2026-04-26 15:43:13.031] [info] Reset usb successfully :)
[2026-04-26 15:43:13.031] [warning] MV_CC_EnumDevices failed: 0x80000006
[2026-04-26 15:43:13.132] [warning] MV_CC_StopGrabbing failed: 0x80000000
[2026-04-26 15:43:13.261] [info] Reset usb successfully :)
[2026-04-26 15:43:13.261] [warning] MV_CC_EnumDevices failed: 0x80000006
[2026-04-26 15:43:13.361] [warning] MV_CC_StopGrabbing failed: 0x80000000
[2026-04-26 15:43:13.490] [info] Reset usb successfully :)
[2026-04-26 15:43:13.490] [warning] MV_CC_EnumDevices failed: 0x80000006
[2026-04-26 15:43:13.590] [warning] MV_CC_StopGrabbing failed: 0x80000000
[2026-04-26 15:43:13.719] [info] Reset usb successfully :)
[2026-04-26 15:43:13.719] [warning] MV_CC_EnumDevices failed: 0x80000006
[2026-04-26 15:43:13.819] [warning] MV_CC_StopGrabbing failed: 0x80000000
[2026-04-26 15:43:13.948] [info] Reset usb successfully :)
[2026-04-26 15:43:13.949] [warning] MV_CC_EnumDevices failed: 0x80000006
[2026-04-26 15:43:14.049] [warning] MV_CC_StopGrabbing failed: 0x80000000
[2026-04-26 15:43:14.178] [info] Reset usb successfully :)
[2026-04-26 15:43:14.178] [warning] MV_CC_EnumDevices failed: 0x80000006
[2026-04-26 15:43:14.278] [warning] MV_CC_StopGrabbing failed: 0x80000000
[2026-04-26 15:43:14.409] [info] Reset usb successfully :)
[2026-04-26 15:43:14.410] [warning] MV_CC_EnumDevices failed: 0x80000006
[2026-04-26 15:43:14.510] [warning] MV_CC_StopGrabbing failed: 0x80000000
[2026-04-26 15:43:14.641] [info] Reset usb successfully :)
[2026-04-26 15:43:14.641] [warning] MV_CC_EnumDevices failed: 0x80000006
[2026-04-26 15:43:14.741] [warning] MV_CC_StopGrabbing failed: 0x80000000
[2026-04-26 15:43:14.872] [info] Reset usb successfully :)
[2026-04-26 15:43:14.873] [warning] MV_CC_EnumDevices failed: 0x80000006
[2026-04-26 15:43:14.973] [warning] MV_CC_StopGrabbing failed: 0x80000000
[2026-04-26 15:43:15.102] [info] Reset usb successfully :)
[2026-04-26 15:43:15.103] [warning] MV_CC_EnumDevices failed: 0x80000006
[2026-04-26 15:43:15.203] [warning] MV_CC_StopGrabbing failed: 0x80000000
[2026-04-26 15:43:15.333] [info] Reset usb successfully :)
[2026-04-26 15:43:15.333] [warning] MV_CC_EnumDevices failed: 0x80000006
[2026-04-26 15:43:15.433] [warning] MV_CC_StopGrabbing failed: 0x80000000
[2026-04-26 15:43:15.563] [info] Reset usb successfully :)
[2026-04-26 15:43:15.563] [warning] MV_CC_EnumDevices failed: 0x80000006
[2026-04-26 15:43:15.664] [warning] MV_CC_StopGrabbing failed: 0x80000000
[2026-04-26 15:43:15.793] [info] Reset usb successfully :)
[2026-04-26 15:43:15.793] [warning] MV_CC_EnumDevices failed: 0x80000006
[2026-04-26 15:43:15.893] [warning] MV_CC_StopGrabbing failed: 0x80000000
[2026-04-26 15:43:16.022] [info] Reset usb successfully :)
[2026-04-26 15:43:16.022] [warning] MV_CC_EnumDevices failed: 0x80000006
[2026-04-26 15:43:16.123] [warning] MV_CC_StopGrabbing failed: 0x80000000
[2026-04-26 15:43:16.252] [info] Reset usb successfully :)
[2026-04-26 15:43:16.252] [warning] MV_CC_EnumDevices failed: 0x80000006
[2026-04-26 15:43:16.352] [warning] MV_CC_StopGrabbing failed: 0x80000000
[2026-04-26 15:43:16.482] [info] Reset usb successfully :)
[2026-04-26 15:43:16.482] [warning] MV_CC_EnumDevices failed: 0x80000006
[2026-04-26 15:43:16.582] [warning] MV_CC_StopGrabbing failed: 0x80000000
[2026-04-26 15:43:16.712] [info] Reset usb successfully :)
[2026-04-26 15:43:16.712] [warning] MV_CC_EnumDevices failed: 0x80000006
[2026-04-26 15:43:16.812] [warning] MV_CC_StopGrabbing failed: 0x80000000
[2026-04-26 15:43:16.942] [info] Reset usb successfully :)
[2026-04-26 15:43:16.942] [warning] MV_CC_EnumDevices failed: 0x80000006
[2026-04-26 15:43:17.042] [warning] MV_CC_StopGrabbing failed: 0x80000000
[2026-04-26 15:43:17.172] [info] Reset usb successfully :)
[2026-04-26 15:43:17.172] [warning] MV_CC_EnumDevices failed: 0x80000006
[2026-04-26 15:43:17.272] [warning] MV_CC_StopGrabbing failed: 0x80000000
[2026-04-26 15:43:17.402] [info] Reset usb successfully :)
[2026-04-26 15:43:17.402] [warning] MV_CC_EnumDevices failed: 0x80000006
[2026-04-26 15:43:17.502] [warning] MV_CC_StopGrabbing failed: 0x80000000
[2026-04-26 15:43:17.634] [info] Reset usb successfully :)
[2026-04-26 15:43:17.634] [warning] MV_CC_EnumDevices failed: 0x80000006
[2026-04-26 15:43:17.734] [warning] MV_CC_StopGrabbing failed: 0x80000000
[2026-04-26 15:43:17.863] [info] Reset usb successfully :)
[2026-04-26 15:43:17.863] [warning] MV_CC_EnumDevices failed: 0x80000006
[2026-04-26 15:43:17.963] [warning] MV_CC_StopGrabbing failed: 0x80000000
[2026-04-26 15:43:18.093] [info] Reset usb successfully :)
[2026-04-26 15:43:18.093] [warning] MV_CC_EnumDevices failed: 0x80000006
[2026-04-26 15:43:18.193] [warning] MV_CC_StopGrabbing failed: 0x80000000
[2026-04-26 15:43:18.322] [info] Reset usb successfully :)
[2026-04-26 15:43:18.322] [warning] MV_CC_EnumDevices failed: 0x80000006
[2026-04-26 15:43:18.423] [warning] MV_CC_StopGrabbing failed: 0x80000000
[2026-04-26 15:43:18.551] [info] Reset usb successfully :)
[2026-04-26 15:43:18.551] [warning] MV_CC_EnumDevices failed: 0x80000006
[2026-04-26 15:43:18.652] [warning] MV_CC_StopGrabbing failed: 0x80000000
[2026-04-26 15:43:18.780] [info] Reset usb successfully :)
[2026-04-26 15:43:18.780] [warning] MV_CC_EnumDevices failed: 0x80000006
[2026-04-26 15:43:18.880] [warning] MV_CC_StopGrabbing failed: 0x80000000
[2026-04-26 15:43:19.010] [info] Reset usb successfully :)
[2026-04-26 15:43:19.010] [warning] MV_CC_EnumDevices failed: 0x80000006
[2026-04-26 15:43:19.110] [warning] MV_CC_StopGrabbing failed: 0x80000000
[2026-04-26 15:43:19.239] [info] Reset usb successfully :)
[2026-04-26 15:43:19.239] [warning] MV_CC_EnumDevices failed: 0x80000006
[2026-04-26 15:43:19.339] [warning] MV_CC_StopGrabbing failed: 0x80000000
[2026-04-26 15:43:19.468] [info] Reset usb successfully :)
[2026-04-26 15:43:19.468] [warning] MV_CC_EnumDevices failed: 0x80000006
[2026-04-26 15:43:19.569] [warning] MV_CC_StopGrabbing failed: 0x80000000
[2026-04-26 15:43:19.698] [info] Reset usb successfully :)
[2026-04-26 15:43:19.698] [warning] MV_CC_EnumDevices failed: 0x80000006
[2026-04-26 15:43:19.798] [warning] MV_CC_StopGrabbing failed: 0x80000000
[2026-04-26 15:43:19.927] [info] Reset usb successfully :)
[2026-04-26 15:43:19.928] [warning] MV_CC_EnumDevices failed: 0x80000006
[2026-04-26 15:43:20.028] [warning] MV_CC_StopGrabbing failed: 0x80000000
[2026-04-26 15:43:20.157] [info] Reset usb successfully :)
[2026-04-26 15:43:20.158] [warning] MV_CC_EnumDevices failed: 0x80000006
[2026-04-26 15:43:20.258] [warning] MV_CC_StopGrabbing failed: 0x80000000
[2026-04-26 15:43:20.388] [info] Reset usb successfully :)
[2026-04-26 15:43:20.388] [warning] MV_CC_EnumDevices failed: 0x80000006
[2026-04-26 15:43:20.488] [warning] MV_CC_StopGrabbing failed: 0x80000000
[2026-04-26 15:43:20.619] [info] Reset usb successfully :)
[2026-04-26 15:43:20.620] [warning] MV_CC_EnumDevices failed: 0x80000006
[2026-04-26 15:43:20.720] [warning] MV_CC_StopGrabbing failed: 0x80000000
[2026-04-26 15:43:20.849] [info] Reset usb successfully :)
[2026-04-26 15:43:20.849] [warning] MV_CC_EnumDevices failed: 0x80000006
[2026-04-26 15:43:20.949] [warning] MV_CC_StopGrabbing failed: 0x80000000
[2026-04-26 15:43:21.078] [info] Reset usb successfully :)
[2026-04-26 15:43:21.078] [warning] MV_CC_EnumDevices failed: 0x80000006
[2026-04-26 15:43:21.178] [warning] MV_CC_StopGrabbing failed: 0x80000000
[2026-04-26 15:43:21.309] [info] Reset usb successfully :)
[2026-04-26 15:43:21.310] [warning] MV_CC_EnumDevices failed: 0x80000006
[2026-04-26 15:43:21.410] [warning] MV_CC_StopGrabbing failed: 0x80000000
[2026-04-26 15:43:21.539] [info] Reset usb successfully :)
[2026-04-26 15:43:21.539] [warning] MV_CC_EnumDevices failed: 0x80000006
[2026-04-26 15:43:21.639] [warning] MV_CC_StopGrabbing failed: 0x80000000
[2026-04-26 15:43:21.768] [info] Reset usb successfully :)
[2026-04-26 15:43:21.768] [warning] MV_CC_EnumDevices failed: 0x80000006
[2026-04-26 15:43:21.868] [warning] MV_CC_StopGrabbing failed: 0x80000000
[2026-04-26 15:43:21.998] [info] Reset usb successfully :)
[2026-04-26 15:43:21.999] [warning] MV_CC_EnumDevices failed: 0x80000006
[2026-04-26 15:43:22.099] [warning] MV_CC_StopGrabbing failed: 0x80000000
[2026-04-26 15:43:22.229] [info] Reset usb successfully :)
[2026-04-26 15:43:22.229] [warning] MV_CC_EnumDevices failed: 0x80000006
[2026-04-26 15:43:22.329] [warning] MV_CC_StopGrabbing failed: 0x80000000
[2026-04-26 15:43:22.459] [info] Reset usb successfully :)
[2026-04-26 15:43:22.459] [warning] MV_CC_EnumDevices failed: 0x80000006
[2026-04-26 15:43:22.559] [warning] MV_CC_StopGrabbing failed: 0x80000000
[2026-04-26 15:43:22.689] [info] Reset usb successfully :)
[2026-04-26 15:43:22.689] [warning] MV_CC_EnumDevices failed: 0x80000006
[2026-04-26 15:43:22.789] [warning] MV_CC_StopGrabbing failed: 0x80000000
[2026-04-26 15:43:22.920] [info] Reset usb successfully :)
[2026-04-26 15:43:22.920] [warning] MV_CC_EnumDevices failed: 0x80000006
[2026-04-26 15:43:23.020] [warning] MV_CC_StopGrabbing failed: 0x80000000
[2026-04-26 15:43:23.150] [info] Reset usb successfully :)
[2026-04-26 15:43:23.150] [warning] MV_CC_EnumDevices failed: 0x80000006
[2026-04-26 15:43:23.250] [warning] MV_CC_StopGrabbing failed: 0x80000000
[2026-04-26 15:43:23.380] [info] Reset usb successfully :)
[2026-04-26 15:43:23.381] [warning] MV_CC_EnumDevices failed: 0x80000006
[2026-04-26 15:43:23.481] [warning] MV_CC_StopGrabbing failed: 0x80000000
[2026-04-26 15:43:23.612] [info] Reset usb successfully :)
[2026-04-26 15:43:23.612] [warning] MV_CC_EnumDevices failed: 0x80000006
[2026-04-26 15:43:23.712] [warning] MV_CC_StopGrabbing failed: 0x80000000
[2026-04-26 15:43:23.842] [info] Reset usb successfully :)
[2026-04-26 15:43:23.843] [warning] MV_CC_EnumDevices failed: 0x80000006
[2026-04-26 15:43:23.943] [warning] MV_CC_StopGrabbing failed: 0x80000000
[2026-04-26 15:43:24.074] [info] Reset usb successfully :)
[2026-04-26 15:43:24.074] [warning] MV_CC_EnumDevices failed: 0x80000006
[2026-04-26 15:43:24.174] [warning] MV_CC_StopGrabbing failed: 0x80000000
[2026-04-26 15:43:24.303] [info] Reset usb successfully :)
[2026-04-26 15:43:24.303] [warning] MV_CC_EnumDevices failed: 0x80000006
[2026-04-26 15:43:24.403] [warning] MV_CC_StopGrabbing failed: 0x80000000
[2026-04-26 15:43:24.533] [info] Reset usb successfully :)
[2026-04-26 15:43:24.533] [warning] MV_CC_EnumDevices failed: 0x80000006
[2026-04-26 15:43:24.634] [warning] MV_CC_StopGrabbing failed: 0x80000000
[2026-04-26 15:43:24.763] [info] Reset usb successfully :)
[2026-04-26 15:43:24.763] [warning] MV_CC_EnumDevices failed: 0x80000006
[2026-04-26 15:43:24.863] [warning] MV_CC_StopGrabbing failed: 0x80000000
[2026-04-26 15:43:24.994] [info] Reset usb successfully :)
[2026-04-26 15:43:24.995] [warning] MV_CC_EnumDevices failed: 0x80000006
[2026-04-26 15:43:25.095] [warning] MV_CC_StopGrabbing failed: 0x80000000
[2026-04-26 15:43:25.224] [info] Reset usb successfully :)
[2026-04-26 15:43:25.225] [warning] MV_CC_EnumDevices failed: 0x80000006
[2026-04-26 15:43:25.325] [warning] MV_CC_StopGrabbing failed: 0x80000000
[2026-04-26 15:43:25.454] [info] Reset usb successfully :)
[2026-04-26 15:43:25.454] [warning] MV_CC_EnumDevices failed: 0x80000006
[2026-04-26 15:43:25.554] [warning] MV_CC_StopGrabbing failed: 0x80000000
[2026-04-26 15:43:25.685] [info] Reset usb successfully :)
[2026-04-26 15:43:25.685] [warning] MV_CC_EnumDevices failed: 0x80000006
[2026-04-26 15:43:25.785] [warning] MV_CC_StopGrabbing failed: 0x80000000
[2026-04-26 15:43:25.914] [info] Reset usb successfully :)
[2026-04-26 15:43:25.914] [warning] MV_CC_EnumDevices failed: 0x80000006
[2026-04-26 15:43:26.014] [warning] MV_CC_StopGrabbing failed: 0x80000000
[2026-04-26 15:43:26.145] [info] Reset usb successfully :)
[2026-04-26 15:43:26.145] [warning] MV_CC_EnumDevices failed: 0x80000006
[2026-04-26 15:43:26.245] [warning] MV_CC_StopGrabbing failed: 0x80000000
[2026-04-26 15:43:26.375] [info] Reset usb successfully :)
[2026-04-26 15:43:26.375] [warning] MV_CC_EnumDevices failed: 0x80000006
[2026-04-26 15:43:26.475] [warning] MV_CC_StopGrabbing failed: 0x80000000
[2026-04-26 15:43:26.604] [info] Reset usb successfully :)
[2026-04-26 15:43:26.605] [warning] MV_CC_EnumDevices failed: 0x80000006
[2026-04-26 15:43:26.705] [warning] MV_CC_StopGrabbing failed: 0x80000000
[2026-04-26 15:43:26.837] [info] Reset usb successfully :)
[2026-04-26 15:43:26.839] [warning] MV_CC_EnumDevices failed: 0x80000006
[2026-04-26 15:43:26.939] [warning] MV_CC_StopGrabbing failed: 0x80000000
[2026-04-26 15:43:27.068] [info] Reset usb successfully :)
[2026-04-26 15:43:27.068] [warning] MV_CC_EnumDevices failed: 0x80000006
[2026-04-26 15:43:27.168] [warning] MV_CC_StopGrabbing failed: 0x80000000
[2026-04-26 15:43:27.299] [info] Reset usb successfully :)
[2026-04-26 15:43:27.299] [warning] MV_CC_EnumDevices failed: 0x80000006
[2026-04-26 15:43:27.399] [warning] MV_CC_StopGrabbing failed: 0x80000000
[2026-04-26 15:43:27.529] [info] Reset usb successfully :)
[2026-04-26 15:43:27.529] [warning] MV_CC_EnumDevices failed: 0x80000006
[2026-04-26 15:43:27.629] [warning] MV_CC_StopGrabbing failed: 0x80000000
[2026-04-26 15:43:27.759] [info] Reset usb successfully :)
[2026-04-26 15:43:27.759] [warning] MV_CC_EnumDevices failed: 0x80000006
[2026-04-26 15:43:27.860] [warning] MV_CC_StopGrabbing failed: 0x80000000
[2026-04-26 15:43:27.988] [info] Reset usb successfully :)
[2026-04-26 15:43:27.988] [warning] MV_CC_EnumDevices failed: 0x80000006
[2026-04-26 15:43:28.089] [warning] MV_CC_StopGrabbing failed: 0x80000000
[2026-04-26 15:43:28.218] [info] Reset usb successfully :)
[2026-04-26 15:43:28.218] [warning] MV_CC_EnumDevices failed: 0x80000006
[2026-04-26 15:43:28.318] [warning] MV_CC_StopGrabbing failed: 0x80000000
[2026-04-26 15:43:28.449] [info] Reset usb successfully :)
[2026-04-26 15:43:28.449] [warning] MV_CC_EnumDevices failed: 0x80000006
[2026-04-26 15:43:28.549] [warning] MV_CC_StopGrabbing failed: 0x80000000
[2026-04-26 15:43:28.679] [info] Reset usb successfully :)
[2026-04-26 15:43:28.679] [warning] MV_CC_EnumDevices failed: 0x80000006
[2026-04-26 15:43:28.779] [warning] MV_CC_StopGrabbing failed: 0x80000000
[2026-04-26 15:43:28.909] [info] Reset usb successfully :)
[2026-04-26 15:43:28.909] [warning] MV_CC_EnumDevices failed: 0x80000006
[2026-04-26 15:43:29.009] [warning] MV_CC_StopGrabbing failed: 0x80000000
[2026-04-26 15:43:29.140] [info] Reset usb successfully :)
[2026-04-26 15:43:29.140] [warning] MV_CC_EnumDevices failed: 0x80000006
[2026-04-26 15:43:29.240] [warning] MV_CC_StopGrabbing failed: 0x80000000
[2026-04-26 15:43:29.369] [info] Reset usb successfully :)
[2026-04-26 15:43:29.369] [warning] MV_CC_EnumDevices failed: 0x80000006
[2026-04-26 15:43:29.469] [warning] MV_CC_StopGrabbing failed: 0x80000000
[2026-04-26 15:43:29.598] [info] Reset usb successfully :)
[2026-04-26 15:43:29.598] [warning] MV_CC_EnumDevices failed: 0x80000006
[2026-04-26 15:43:29.699] [warning] MV_CC_StopGrabbing failed: 0x80000000
[2026-04-26 15:43:29.828] [info] Reset usb successfully :)
[2026-04-26 15:43:29.828] [warning] MV_CC_EnumDevices failed: 0x80000006
[2026-04-26 15:43:29.928] [warning] MV_CC_StopGrabbing failed: 0x80000000
[2026-04-26 15:43:30.057] [info] Reset usb successfully :)
[2026-04-26 15:43:30.057] [warning] MV_CC_EnumDevices failed: 0x80000006
[2026-04-26 15:43:30.157] [warning] MV_CC_StopGrabbing failed: 0x80000000
[2026-04-26 15:43:30.286] [info] Reset usb successfully :)
[2026-04-26 15:43:30.286] [warning] MV_CC_EnumDevices failed: 0x80000006
[2026-04-26 15:43:30.386] [warning] MV_CC_StopGrabbing failed: 0x80000000
[2026-04-26 15:43:30.516] [info] Reset usb successfully :)
[2026-04-26 15:43:30.516] [warning] MV_CC_EnumDevices failed: 0x80000006
[2026-04-26 15:43:30.616] [warning] MV_CC_StopGrabbing failed: 0x80000000
[2026-04-26 15:43:30.745] [info] Reset usb successfully :)
[2026-04-26 15:43:30.745] [warning] MV_CC_EnumDevices failed: 0x80000006
[2026-04-26 15:43:30.845] [warning] MV_CC_StopGrabbing failed: 0x80000000
[2026-04-26 15:43:30.976] [info] Reset usb successfully :)
[2026-04-26 15:43:30.976] [warning] MV_CC_EnumDevices failed: 0x80000006
[2026-04-26 15:43:31.076] [warning] MV_CC_StopGrabbing failed: 0x80000000
[2026-04-26 15:43:31.205] [info] Reset usb successfully :)
[2026-04-26 15:43:31.205] [warning] MV_CC_EnumDevices failed: 0x80000006
[2026-04-26 15:43:31.305] [warning] MV_CC_StopGrabbing failed: 0x80000000
[2026-04-26 15:43:31.434] [info] Reset usb successfully :)
[2026-04-26 15:43:31.435] [warning] MV_CC_EnumDevices failed: 0x80000006
[2026-04-26 15:43:31.535] [warning] MV_CC_StopGrabbing failed: 0x80000000
[2026-04-26 15:43:31.666] [info] Reset usb successfully :)
[2026-04-26 15:43:31.666] [warning] MV_CC_EnumDevices failed: 0x80000006
[2026-04-26 15:43:31.766] [warning] MV_CC_StopGrabbing failed: 0x80000000
[2026-04-26 15:43:31.896] [info] Reset usb successfully :)
[2026-04-26 15:43:31.897] [warning] MV_CC_EnumDevices failed: 0x80000006
[2026-04-26 15:43:31.997] [warning] MV_CC_StopGrabbing failed: 0x80000000
[2026-04-26 15:43:32.126] [info] Reset usb successfully :)
[2026-04-26 15:43:32.126] [warning] MV_CC_EnumDevices failed: 0x80000006
[2026-04-26 15:43:32.226] [warning] MV_CC_StopGrabbing failed: 0x80000000
[2026-04-26 15:43:32.355] [info] Reset usb successfully :)
[2026-04-26 15:43:32.356] [warning] MV_CC_EnumDevices failed: 0x80000006
[2026-04-26 15:43:32.456] [warning] MV_CC_StopGrabbing failed: 0x80000000
[2026-04-26 15:43:32.587] [info] Reset usb successfully :)
[2026-04-26 15:43:32.587] [warning] MV_CC_EnumDevices failed: 0x80000006
[2026-04-26 15:43:32.687] [warning] MV_CC_StopGrabbing failed: 0x80000000
[2026-04-26 15:43:32.816] [info] Reset usb successfully :)
[2026-04-26 15:43:32.817] [warning] MV_CC_EnumDevices failed: 0x80000006
[2026-04-26 15:43:32.917] [warning] MV_CC_StopGrabbing failed: 0x80000000
[2026-04-26 15:43:33.049] [info] Reset usb successfully :)
[2026-04-26 15:43:33.049] [warning] MV_CC_EnumDevices failed: 0x80000006
[2026-04-26 15:43:33.149] [warning] MV_CC_StopGrabbing failed: 0x80000000
[2026-04-26 15:43:33.281] [info] Reset usb successfully :)
[2026-04-26 15:43:33.282] [warning] MV_CC_EnumDevices failed: 0x80000006
[2026-04-26 15:43:33.382] [warning] MV_CC_StopGrabbing failed: 0x80000000
[2026-04-26 15:43:33.512] [info] Reset usb successfully :)
[2026-04-26 15:43:33.512] [warning] MV_CC_EnumDevices failed: 0x80000006
[2026-04-26 15:43:33.612] [warning] MV_CC_StopGrabbing failed: 0x80000000
[2026-04-26 15:43:33.741] [info] Reset usb successfully :)
[2026-04-26 15:43:33.742] [warning] MV_CC_EnumDevices failed: 0x80000006
[2026-04-26 15:43:33.842] [warning] MV_CC_StopGrabbing failed: 0x80000000
[2026-04-26 15:43:33.972] [info] Reset usb successfully :)
[2026-04-26 15:43:33.973] [warning] MV_CC_EnumDevices failed: 0x80000006
[2026-04-26 15:43:34.073] [warning] MV_CC_StopGrabbing failed: 0x80000000
[2026-04-26 15:43:34.203] [info] Reset usb successfully :)
[2026-04-26 15:43:34.203] [warning] MV_CC_EnumDevices failed: 0x80000006
[2026-04-26 15:43:34.303] [warning] MV_CC_StopGrabbing failed: 0x80000000
[2026-04-26 15:43:34.432] [info] Reset usb successfully :)
[2026-04-26 15:43:34.432] [warning] MV_CC_EnumDevices failed: 0x80000006
[2026-04-26 15:43:34.533] [warning] MV_CC_StopGrabbing failed: 0x80000000
[2026-04-26 15:43:34.662] [info] Reset usb successfully :)
[2026-04-26 15:43:34.663] [warning] MV_CC_EnumDevices failed: 0x80000006
[2026-04-26 15:43:34.763] [warning] MV_CC_StopGrabbing failed: 0x80000000
[2026-04-26 15:43:34.894] [info] Reset usb successfully :)
[2026-04-26 15:43:34.895] [warning] MV_CC_EnumDevices failed: 0x80000006
[2026-04-26 15:43:34.995] [warning] MV_CC_StopGrabbing failed: 0x80000000
[2026-04-26 15:43:35.124] [info] Reset usb successfully :)
[2026-04-26 15:43:35.124] [warning] MV_CC_EnumDevices failed: 0x80000006
[2026-04-26 15:43:35.224] [warning] MV_CC_StopGrabbing failed: 0x80000000
[2026-04-26 15:43:35.355] [info] Reset usb successfully :)
[2026-04-26 15:43:35.356] [warning] MV_CC_EnumDevices failed: 0x80000006
[2026-04-26 15:43:35.456] [warning] MV_CC_StopGrabbing failed: 0x80000000
[2026-04-26 15:43:35.587] [info] Reset usb successfully :)
[2026-04-26 15:43:35.587] [warning] MV_CC_EnumDevices failed: 0x80000006
[2026-04-26 15:43:35.688] [warning] MV_CC_StopGrabbing failed: 0x80000000
[2026-04-26 15:43:35.818] [info] Reset usb successfully :)
[2026-04-26 15:43:35.818] [warning] MV_CC_EnumDevices failed: 0x80000006
[2026-04-26 15:43:35.918] [warning] MV_CC_StopGrabbing failed: 0x80000000
[2026-04-26 15:43:36.049] [info] Reset usb successfully :)
[2026-04-26 15:43:36.049] [warning] MV_CC_EnumDevices failed: 0x80000006
[2026-04-26 15:43:36.149] [warning] MV_CC_StopGrabbing failed: 0x80000000
[2026-04-26 15:43:36.278] [info] Reset usb successfully :)
[2026-04-26 15:43:36.278] [warning] MV_CC_EnumDevices failed: 0x80000006
[2026-04-26 15:43:36.378] [warning] MV_CC_StopGrabbing failed: 0x80000000
[2026-04-26 15:43:36.509] [info] Reset usb successfully :)
[2026-04-26 15:43:36.510] [warning] MV_CC_EnumDevices failed: 0x80000006
[2026-04-26 15:43:36.610] [warning] MV_CC_StopGrabbing failed: 0x80000000
[2026-04-26 15:43:36.740] [info] Reset usb successfully :)
[2026-04-26 15:43:36.741] [warning] MV_CC_EnumDevices failed: 0x80000006
[2026-04-26 15:43:36.841] [warning] MV_CC_StopGrabbing failed: 0x80000000
[2026-04-26 15:43:36.971] [info] Reset usb successfully :)
[2026-04-26 15:43:36.971] [warning] MV_CC_EnumDevices failed: 0x80000006
[2026-04-26 15:43:37.071] [warning] MV_CC_StopGrabbing failed: 0x80000000
[2026-04-26 15:43:37.200] [info] Reset usb successfully :)
[2026-04-26 15:43:37.201] [warning] MV_CC_EnumDevices failed: 0x80000006
[2026-04-26 15:43:37.301] [warning] MV_CC_StopGrabbing failed: 0x80000000
[2026-04-26 15:43:37.430] [info] Reset usb successfully :)
[2026-04-26 15:43:37.430] [warning] MV_CC_EnumDevices failed: 0x80000006
[2026-04-26 15:43:37.530] [warning] MV_CC_StopGrabbing failed: 0x80000000
[2026-04-26 15:43:37.659] [info] Reset usb successfully :)
[2026-04-26 15:43:37.659] [warning] MV_CC_EnumDevices failed: 0x80000006
[2026-04-26 15:43:37.760] [warning] MV_CC_StopGrabbing failed: 0x80000000
[2026-04-26 15:43:37.889] [info] Reset usb successfully :)
[2026-04-26 15:43:37.890] [warning] MV_CC_EnumDevices failed: 0x80000006
[2026-04-26 15:43:37.990] [warning] MV_CC_StopGrabbing failed: 0x80000000
[2026-04-26 15:43:38.120] [info] Reset usb successfully :)
[2026-04-26 15:43:38.120] [warning] MV_CC_EnumDevices failed: 0x80000006
[2026-04-26 15:43:38.220] [warning] MV_CC_StopGrabbing failed: 0x80000000
[2026-04-26 15:43:38.349] [info] Reset usb successfully :)
[2026-04-26 15:43:38.349] [warning] MV_CC_EnumDevices failed: 0x80000006
[2026-04-26 15:43:38.449] [warning] MV_CC_StopGrabbing failed: 0x80000000
[2026-04-26 15:43:38.579] [info] Reset usb successfully :)
[2026-04-26 15:43:38.579] [warning] MV_CC_EnumDevices failed: 0x80000006
[2026-04-26 15:43:38.680] [warning] MV_CC_StopGrabbing failed: 0x80000000
[2026-04-26 15:43:38.809] [info] Reset usb successfully :)
[2026-04-26 15:43:38.809] [warning] MV_CC_EnumDevices failed: 0x80000006
[2026-04-26 15:43:38.909] [warning] MV_CC_StopGrabbing failed: 0x80000000
[2026-04-26 15:43:39.037] [info] Reset usb successfully :)
[2026-04-26 15:43:39.037] [warning] MV_CC_EnumDevices failed: 0x80000006
[2026-04-26 15:43:39.137] [warning] MV_CC_StopGrabbing failed: 0x80000000
[2026-04-26 15:43:39.267] [info] Reset usb successfully :)
[2026-04-26 15:43:39.268] [warning] MV_CC_EnumDevices failed: 0x80000006
[2026-04-26 15:43:39.368] [warning] MV_CC_StopGrabbing failed: 0x80000000
[2026-04-26 15:43:39.497] [info] Reset usb successfully :)
[2026-04-26 15:43:39.497] [warning] MV_CC_EnumDevices failed: 0x80000006
[2026-04-26 15:43:39.597] [warning] MV_CC_StopGrabbing failed: 0x80000000
[2026-04-26 15:43:39.727] [info] Reset usb successfully :)
[2026-04-26 15:43:39.728] [warning] MV_CC_EnumDevices failed: 0x80000006
[2026-04-26 15:43:39.828] [warning] MV_CC_StopGrabbing failed: 0x80000000
[2026-04-26 15:43:39.959] [info] Reset usb successfully :)
[2026-04-26 15:43:39.961] [warning] MV_CC_EnumDevices failed: 0x80000006
[2026-04-26 15:43:40.061] [warning] MV_CC_StopGrabbing failed: 0x80000000
[2026-04-26 15:43:40.191] [info] Reset usb successfully :)
[2026-04-26 15:43:40.191] [warning] MV_CC_EnumDevices failed: 0x80000006
[2026-04-26 15:43:40.291] [warning] MV_CC_StopGrabbing failed: 0x80000000
[2026-04-26 15:43:40.421] [info] Reset usb successfully :)
[2026-04-26 15:43:40.421] [warning] MV_CC_EnumDevices failed: 0x80000006
[2026-04-26 15:43:40.521] [warning] MV_CC_StopGrabbing failed: 0x80000000
[2026-04-26 15:43:40.651] [info] Reset usb successfully :)
[2026-04-26 15:43:40.651] [warning] MV_CC_EnumDevices failed: 0x80000006
[2026-04-26 15:43:40.752] [warning] MV_CC_StopGrabbing failed: 0x80000000
[2026-04-26 15:43:40.880] [info] Reset usb successfully :)
[2026-04-26 15:43:40.881] [warning] MV_CC_EnumDevices failed: 0x80000006
[2026-04-26 15:43:40.981] [warning] MV_CC_StopGrabbing failed: 0x80000000
[2026-04-26 15:43:41.111] [info] Reset usb successfully :)
[2026-04-26 15:43:41.111] [warning] MV_CC_EnumDevices failed: 0x80000006
[2026-04-26 15:43:41.211] [warning] MV_CC_StopGrabbing failed: 0x80000000
[2026-04-26 15:43:41.341] [info] Reset usb successfully :)
[2026-04-26 15:43:41.341] [warning] MV_CC_EnumDevices failed: 0x80000006
[2026-04-26 15:43:41.441] [warning] MV_CC_StopGrabbing failed: 0x80000000
[2026-04-26 15:43:41.572] [info] Reset usb successfully :)
[2026-04-26 15:43:41.572] [warning] MV_CC_EnumDevices failed: 0x80000006
[2026-04-26 15:43:41.673] [warning] MV_CC_StopGrabbing failed: 0x80000000
[2026-04-26 15:43:41.802] [info] Reset usb successfully :)
[2026-04-26 15:43:41.803] [warning] MV_CC_EnumDevices failed: 0x80000006
[2026-04-26 15:43:41.903] [warning] MV_CC_StopGrabbing failed: 0x80000000
[2026-04-26 15:43:42.033] [info] Reset usb successfully :)
[2026-04-26 15:43:42.033] [warning] MV_CC_EnumDevices failed: 0x80000006
[2026-04-26 15:43:42.133] [warning] MV_CC_StopGrabbing failed: 0x80000000
[2026-04-26 15:43:42.264] [info] Reset usb successfully :)
[2026-04-26 15:43:42.264] [warning] MV_CC_EnumDevices failed: 0x80000006
[2026-04-26 15:43:42.364] [warning] MV_CC_StopGrabbing failed: 0x80000000
[2026-04-26 15:43:42.492] [info] Reset usb successfully :)
[2026-04-26 15:43:42.492] [warning] MV_CC_EnumDevices failed: 0x80000006
[2026-04-26 15:43:42.592] [warning] MV_CC_StopGrabbing failed: 0x80000000
[2026-04-26 15:43:42.721] [info] Reset usb successfully :)
[2026-04-26 15:43:42.721] [warning] MV_CC_EnumDevices failed: 0x80000006
[2026-04-26 15:43:42.822] [warning] MV_CC_StopGrabbing failed: 0x80000000
[2026-04-26 15:43:42.951] [info] Reset usb successfully :)
[2026-04-26 15:43:42.951] [warning] MV_CC_EnumDevices failed: 0x80000006
[2026-04-26 15:43:43.051] [warning] MV_CC_StopGrabbing failed: 0x80000000
[2026-04-26 15:43:43.181] [info] Reset usb successfully :)
[2026-04-26 15:43:43.181] [warning] MV_CC_EnumDevices failed: 0x80000006
[2026-04-26 15:43:43.281] [warning] MV_CC_StopGrabbing failed: 0x80000000
[2026-04-26 15:43:43.411] [info] Reset usb successfully :)
[2026-04-26 15:43:43.412] [warning] MV_CC_EnumDevices failed: 0x80000006
[2026-04-26 15:43:43.512] [warning] MV_CC_StopGrabbing failed: 0x80000000
[2026-04-26 15:43:43.642] [info] Reset usb successfully :)
[2026-04-26 15:43:43.643] [warning] MV_CC_EnumDevices failed: 0x80000006
[2026-04-26 15:43:43.743] [warning] MV_CC_StopGrabbing failed: 0x80000000
[2026-04-26 15:43:43.873] [info] Reset usb successfully :)
[2026-04-26 15:43:43.873] [warning] MV_CC_EnumDevices failed: 0x80000006
[2026-04-26 15:43:43.973] [warning] MV_CC_StopGrabbing failed: 0x80000000
[2026-04-26 15:43:44.102] [info] Reset usb successfully :)
[2026-04-26 15:43:44.102] [warning] MV_CC_EnumDevices failed: 0x80000006
[2026-04-26 15:43:44.202] [warning] MV_CC_StopGrabbing failed: 0x80000000
[2026-04-26 15:43:44.332] [info] Reset usb successfully :)
[2026-04-26 15:43:44.333] [warning] MV_CC_EnumDevices failed: 0x80000006
[2026-04-26 15:43:44.433] [warning] MV_CC_StopGrabbing failed: 0x80000000
[2026-04-26 15:43:44.564] [info] Reset usb successfully :)
[2026-04-26 15:43:44.564] [warning] MV_CC_EnumDevices failed: 0x80000006
[2026-04-26 15:43:44.665] [warning] MV_CC_StopGrabbing failed: 0x80000000
[2026-04-26 15:43:44.795] [info] Reset usb successfully :)
[2026-04-26 15:43:44.796] [warning] MV_CC_EnumDevices failed: 0x80000006
[2026-04-26 15:43:44.896] [warning] MV_CC_StopGrabbing failed: 0x80000000
[2026-04-26 15:43:45.027] [info] Reset usb successfully :)
[2026-04-26 15:43:45.027] [warning] MV_CC_EnumDevices failed: 0x80000006
[2026-04-26 15:43:45.127] [warning] MV_CC_StopGrabbing failed: 0x80000000
[2026-04-26 15:43:45.257] [info] Reset usb successfully :)
[2026-04-26 15:43:45.258] [warning] MV_CC_EnumDevices failed: 0x80000006
[2026-04-26 15:43:45.358] [warning] MV_CC_StopGrabbing failed: 0x80000000
[2026-04-26 15:43:45.488] [info] Reset usb successfully :)
[2026-04-26 15:43:45.488] [warning] MV_CC_EnumDevices failed: 0x80000006
[2026-04-26 15:43:45.588] [warning] MV_CC_StopGrabbing failed: 0x80000000
[2026-04-26 15:43:45.717] [info] Reset usb successfully :)
[2026-04-26 15:43:45.717] [warning] MV_CC_EnumDevices failed: 0x80000006
[2026-04-26 15:43:45.817] [warning] MV_CC_StopGrabbing failed: 0x80000000
[2026-04-26 15:43:45.947] [info] Reset usb successfully :)
[2026-04-26 15:43:45.947] [warning] MV_CC_EnumDevices failed: 0x80000006
[2026-04-26 15:43:46.048] [warning] MV_CC_StopGrabbing failed: 0x80000000
[2026-04-26 15:43:46.176] [info] Reset usb successfully :)
[2026-04-26 15:43:46.177] [warning] MV_CC_EnumDevices failed: 0x80000006
[2026-04-26 15:43:46.277] [warning] MV_CC_StopGrabbing failed: 0x80000000
[2026-04-26 15:43:46.406] [info] Reset usb successfully :)
[2026-04-26 15:43:46.406] [warning] MV_CC_EnumDevices failed: 0x80000006
[2026-04-26 15:43:46.507] [warning] MV_CC_StopGrabbing failed: 0x80000000
[2026-04-26 15:43:46.636] [info] Reset usb successfully :)
[2026-04-26 15:43:46.636] [warning] MV_CC_EnumDevices failed: 0x80000006
[2026-04-26 15:43:46.736] [warning] MV_CC_StopGrabbing failed: 0x80000000
[2026-04-26 15:43:46.866] [info] Reset usb successfully :)
[2026-04-26 15:43:46.866] [warning] MV_CC_EnumDevices failed: 0x80000006
[2026-04-26 15:43:46.966] [warning] MV_CC_StopGrabbing failed: 0x80000000
[2026-04-26 15:43:47.096] [info] Reset usb successfully :)
[2026-04-26 15:43:47.096] [warning] MV_CC_EnumDevices failed: 0x80000006
[2026-04-26 15:43:47.196] [warning] MV_CC_StopGrabbing failed: 0x80000000
[2026-04-26 15:43:47.326] [info] Reset usb successfully :)
[2026-04-26 15:43:47.326] [warning] MV_CC_EnumDevices failed: 0x80000006
[2026-04-26 15:43:47.426] [warning] MV_CC_StopGrabbing failed: 0x80000000
[2026-04-26 15:43:47.555] [info] Reset usb successfully :)
[2026-04-26 15:43:47.555] [warning] MV_CC_EnumDevices failed: 0x80000006
[2026-04-26 15:43:47.655] [warning] MV_CC_StopGrabbing failed: 0x80000000
[2026-04-26 15:43:47.785] [info] Reset usb successfully :)
[2026-04-26 15:43:47.785] [warning] MV_CC_EnumDevices failed: 0x80000006
[2026-04-26 15:43:47.885] [warning] MV_CC_StopGrabbing failed: 0x80000000
[2026-04-26 15:43:48.015] [info] Reset usb successfully :)
[2026-04-26 15:43:48.015] [warning] MV_CC_EnumDevices failed: 0x80000006
[2026-04-26 15:43:48.115] [warning] MV_CC_StopGrabbing failed: 0x80000000
[2026-04-26 15:43:48.244] [info] Reset usb successfully :)
[2026-04-26 15:43:48.245] [warning] MV_CC_EnumDevices failed: 0x80000006
[2026-04-26 15:43:48.345] [warning] MV_CC_StopGrabbing failed: 0x80000000
[2026-04-26 15:43:48.475] [info] Reset usb successfully :)
[2026-04-26 15:43:48.475] [warning] MV_CC_EnumDevices failed: 0x80000006
[2026-04-26 15:43:48.575] [warning] MV_CC_StopGrabbing failed: 0x80000000
[2026-04-26 15:43:48.704] [info] Reset usb successfully :)
[2026-04-26 15:43:48.704] [warning] MV_CC_EnumDevices failed: 0x80000006
[2026-04-26 15:43:48.804] [warning] MV_CC_StopGrabbing failed: 0x80000000
[2026-04-26 15:43:48.934] [info] Reset usb successfully :)
[2026-04-26 15:43:48.934] [warning] MV_CC_EnumDevices failed: 0x80000006
[2026-04-26 15:43:49.034] [warning] MV_CC_StopGrabbing failed: 0x80000000
[2026-04-26 15:43:49.164] [info] Reset usb successfully :)
[2026-04-26 15:43:49.164] [warning] MV_CC_EnumDevices failed: 0x80000006
[2026-04-26 15:43:49.264] [warning] MV_CC_StopGrabbing failed: 0x80000000
[2026-04-26 15:43:49.395] [info] Reset usb successfully :)
[2026-04-26 15:43:49.395] [warning] MV_CC_EnumDevices failed: 0x80000006
[2026-04-26 15:43:49.495] [warning] MV_CC_StopGrabbing failed: 0x80000000
[2026-04-26 15:43:49.624] [info] Reset usb successfully :)
[2026-04-26 15:43:49.624] [warning] MV_CC_EnumDevices failed: 0x80000006
[2026-04-26 15:43:49.724] [warning] MV_CC_StopGrabbing failed: 0x80000000
[2026-04-26 15:43:49.853] [info] Reset usb successfully :)
[2026-04-26 15:43:49.854] [warning] MV_CC_EnumDevices failed: 0x80000006
[2026-04-26 15:43:49.954] [warning] MV_CC_StopGrabbing failed: 0x80000000
[2026-04-26 15:43:50.082] [info] Reset usb successfully :)
[2026-04-26 15:43:50.082] [warning] MV_CC_EnumDevices failed: 0x80000006
[2026-04-26 15:43:50.182] [warning] MV_CC_StopGrabbing failed: 0x80000000
[2026-04-26 15:43:50.312] [info] Reset usb successfully :)
[2026-04-26 15:43:50.312] [warning] MV_CC_EnumDevices failed: 0x80000006
[2026-04-26 15:43:50.412] [warning] MV_CC_StopGrabbing failed: 0x80000000
[2026-04-26 15:43:50.541] [info] Reset usb successfully :)
[2026-04-26 15:43:50.542] [warning] MV_CC_EnumDevices failed: 0x80000006
[2026-04-26 15:43:50.642] [warning] MV_CC_StopGrabbing failed: 0x80000000
[2026-04-26 15:43:50.770] [info] Reset usb successfully :)
[2026-04-26 15:43:50.770] [warning] MV_CC_EnumDevices failed: 0x80000006
[2026-04-26 15:43:50.870] [warning] MV_CC_StopGrabbing failed: 0x80000000
[2026-04-26 15:43:50.999] [info] Reset usb successfully :)
[2026-04-26 15:43:51.001] [warning] MV_CC_EnumDevices failed: 0x80000006
[2026-04-26 15:43:51.101] [warning] MV_CC_StopGrabbing failed: 0x80000000
[2026-04-26 15:43:51.232] [info] Reset usb successfully :)
[2026-04-26 15:43:51.232] [warning] MV_CC_EnumDevices failed: 0x80000006
[2026-04-26 15:43:51.332] [warning] MV_CC_StopGrabbing failed: 0x80000000
[2026-04-26 15:43:51.461] [info] Reset usb successfully :)
[2026-04-26 15:43:51.461] [warning] MV_CC_EnumDevices failed: 0x80000006
[2026-04-26 15:43:51.561] [warning] MV_CC_StopGrabbing failed: 0x80000000
[2026-04-26 15:43:51.691] [info] Reset usb successfully :)
[2026-04-26 15:43:51.691] [warning] MV_CC_EnumDevices failed: 0x80000006
[2026-04-26 15:43:51.791] [warning] MV_CC_StopGrabbing failed: 0x80000000
[2026-04-26 15:43:51.920] [info] Reset usb successfully :)
[2026-04-26 15:43:51.920] [warning] MV_CC_EnumDevices failed: 0x80000006
[2026-04-26 15:43:52.020] [warning] MV_CC_StopGrabbing failed: 0x80000000
[2026-04-26 15:43:52.150] [info] Reset usb successfully :)
[2026-04-26 15:43:52.150] [warning] MV_CC_EnumDevices failed: 0x80000006
[2026-04-26 15:43:52.250] [warning] MV_CC_StopGrabbing failed: 0x80000000
[2026-04-26 15:43:52.380] [info] Reset usb successfully :)
[2026-04-26 15:43:52.380] [warning] MV_CC_EnumDevices failed: 0x80000006
[2026-04-26 15:43:52.480] [warning] MV_CC_StopGrabbing failed: 0x80000000
[2026-04-26 15:43:52.609] [info] Reset usb successfully :)
[2026-04-26 15:43:52.609] [warning] MV_CC_EnumDevices failed: 0x80000006
[2026-04-26 15:43:52.710] [warning] MV_CC_StopGrabbing failed: 0x80000000
[2026-04-26 15:43:52.840] [info] Reset usb successfully :)
[2026-04-26 15:43:52.840] [warning] MV_CC_EnumDevices failed: 0x80000006
[2026-04-26 15:43:52.940] [warning] MV_CC_StopGrabbing failed: 0x80000000
[2026-04-26 15:43:53.069] [info] Reset usb successfully :)
[2026-04-26 15:43:53.070] [warning] MV_CC_EnumDevices failed: 0x80000006
[2026-04-26 15:43:53.170] [warning] MV_CC_StopGrabbing failed: 0x80000000
[2026-04-26 15:43:53.300] [info] Reset usb successfully :)
[2026-04-26 15:43:53.300] [warning] MV_CC_EnumDevices failed: 0x80000006
[2026-04-26 15:43:53.400] [warning] MV_CC_StopGrabbing failed: 0x80000000
[2026-04-26 15:43:53.530] [info] Reset usb successfully :)
[2026-04-26 15:43:53.530] [warning] MV_CC_EnumDevices failed: 0x80000006
[2026-04-26 15:43:53.630] [warning] MV_CC_StopGrabbing failed: 0x80000000
[2026-04-26 15:43:53.760] [info] Reset usb successfully :)
[2026-04-26 15:43:53.760] [warning] MV_CC_EnumDevices failed: 0x80000006
[2026-04-26 15:43:53.860] [warning] MV_CC_StopGrabbing failed: 0x80000000
[2026-04-26 15:43:53.989] [info] Reset usb successfully :)
[2026-04-26 15:43:53.990] [warning] MV_CC_EnumDevices failed: 0x80000006
[2026-04-26 15:43:54.090] [warning] MV_CC_StopGrabbing failed: 0x80000000
[2026-04-26 15:43:54.219] [info] Reset usb successfully :)
[2026-04-26 15:43:54.219] [warning] MV_CC_EnumDevices failed: 0x80000006
[2026-04-26 15:43:54.319] [warning] MV_CC_StopGrabbing failed: 0x80000000
[2026-04-26 15:43:54.448] [info] Reset usb successfully :)
[2026-04-26 15:43:54.448] [warning] MV_CC_EnumDevices failed: 0x80000006
[2026-04-26 15:43:54.548] [warning] MV_CC_StopGrabbing failed: 0x80000000
[2026-04-26 15:43:54.678] [info] Reset usb successfully :)
[2026-04-26 15:43:54.678] [warning] MV_CC_EnumDevices failed: 0x80000006
[2026-04-26 15:43:54.778] [warning] MV_CC_StopGrabbing failed: 0x80000000
[2026-04-26 15:43:54.908] [info] Reset usb successfully :)
[2026-04-26 15:43:54.908] [warning] MV_CC_EnumDevices failed: 0x80000006
[2026-04-26 15:43:55.008] [warning] MV_CC_StopGrabbing failed: 0x80000000
[2026-04-26 15:43:55.138] [info] Reset usb successfully :)
[2026-04-26 15:43:55.138] [warning] MV_CC_EnumDevices failed: 0x80000006
[2026-04-26 15:43:55.238] [warning] MV_CC_StopGrabbing failed: 0x80000000
[2026-04-26 15:43:55.368] [info] Reset usb successfully :)
[2026-04-26 15:43:55.368] [warning] MV_CC_EnumDevices failed: 0x80000006
[2026-04-26 15:43:55.468] [warning] MV_CC_StopGrabbing failed: 0x80000000
[2026-04-26 15:43:55.598] [info] Reset usb successfully :)
[2026-04-26 15:43:55.598] [warning] MV_CC_EnumDevices failed: 0x80000006
[2026-04-26 15:43:55.698] [warning] MV_CC_StopGrabbing failed: 0x80000000
[2026-04-26 15:43:55.827] [info] Reset usb successfully :)
[2026-04-26 15:43:55.827] [warning] MV_CC_EnumDevices failed: 0x80000006
[2026-04-26 15:43:55.928] [warning] MV_CC_StopGrabbing failed: 0x80000000
[2026-04-26 15:43:56.057] [info] Reset usb successfully :)
[2026-04-26 15:43:56.057] [warning] MV_CC_EnumDevices failed: 0x80000006
[2026-04-26 15:43:56.158] [warning] MV_CC_StopGrabbing failed: 0x80000000
[2026-04-26 15:43:56.286] [info] Reset usb successfully :)
[2026-04-26 15:43:56.286] [warning] MV_CC_EnumDevices failed: 0x80000006
[2026-04-26 15:43:56.386] [warning] MV_CC_StopGrabbing failed: 0x80000000
[2026-04-26 15:43:56.515] [info] Reset usb successfully :)
[2026-04-26 15:43:56.516] [warning] MV_CC_EnumDevices failed: 0x80000006
[2026-04-26 15:43:56.617] [warning] MV_CC_StopGrabbing failed: 0x80000000
[2026-04-26 15:43:56.745] [info] Reset usb successfully :)
[2026-04-26 15:43:56.745] [warning] MV_CC_EnumDevices failed: 0x80000006
[2026-04-26 15:43:56.845] [warning] MV_CC_StopGrabbing failed: 0x80000000
[2026-04-26 15:43:56.975] [info] Reset usb successfully :)
[2026-04-26 15:43:56.975] [warning] MV_CC_EnumDevices failed: 0x80000006
[2026-04-26 15:43:57.075] [warning] MV_CC_StopGrabbing failed: 0x80000000
[2026-04-26 15:43:57.204] [info] Reset usb successfully :)
[2026-04-26 15:43:57.204] [warning] MV_CC_EnumDevices failed: 0x80000006
[2026-04-26 15:43:57.305] [warning] MV_CC_StopGrabbing failed: 0x80000000
[2026-04-26 15:43:57.434] [info] Reset usb successfully :)
[2026-04-26 15:43:57.434] [warning] MV_CC_EnumDevices failed: 0x80000006
[2026-04-26 15:43:57.534] [warning] MV_CC_StopGrabbing failed: 0x80000000
[2026-04-26 15:43:57.663] [info] Reset usb successfully :)
[2026-04-26 15:43:57.663] [warning] MV_CC_EnumDevices failed: 0x80000006
[2026-04-26 15:43:57.763] [warning] MV_CC_StopGrabbing failed: 0x80000000
[2026-04-26 15:43:57.893] [info] Reset usb successfully :)
[2026-04-26 15:43:57.893] [warning] MV_CC_EnumDevices failed: 0x80000006
[2026-04-26 15:43:57.993] [warning] MV_CC_StopGrabbing failed: 0x80000000
[2026-04-26 15:43:58.124] [info] Reset usb successfully :)
[2026-04-26 15:43:58.124] [warning] MV_CC_EnumDevices failed: 0x80000006
[2026-04-26 15:43:58.224] [warning] MV_CC_StopGrabbing failed: 0x80000000
[2026-04-26 15:43:58.354] [info] Reset usb successfully :)
[2026-04-26 15:43:58.355] [warning] MV_CC_EnumDevices failed: 0x80000006
[2026-04-26 15:43:58.455] [warning] MV_CC_StopGrabbing failed: 0x80000000
[2026-04-26 15:43:58.585] [info] Reset usb successfully :)
[2026-04-26 15:43:58.585] [warning] MV_CC_EnumDevices failed: 0x80000006
[2026-04-26 15:43:58.685] [warning] MV_CC_StopGrabbing failed: 0x80000000
[2026-04-26 15:43:58.815] [info] Reset usb successfully :)
[2026-04-26 15:43:58.815] [warning] MV_CC_EnumDevices failed: 0x80000006
[2026-04-26 15:43:58.915] [warning] MV_CC_StopGrabbing failed: 0x80000000
[2026-04-26 15:43:59.045] [info] Reset usb successfully :)
[2026-04-26 15:43:59.045] [warning] MV_CC_EnumDevices failed: 0x80000006
[2026-04-26 15:43:59.145] [warning] MV_CC_StopGrabbing failed: 0x80000000
[2026-04-26 15:43:59.274] [info] Reset usb successfully :)
[2026-04-26 15:43:59.275] [warning] MV_CC_EnumDevices failed: 0x80000006
[2026-04-26 15:43:59.375] [warning] MV_CC_StopGrabbing failed: 0x80000000
[2026-04-26 15:43:59.506] [info] Reset usb successfully :)
[2026-04-26 15:43:59.506] [warning] MV_CC_EnumDevices failed: 0x80000006
[2026-04-26 15:43:59.606] [warning] MV_CC_StopGrabbing failed: 0x80000000
[2026-04-26 15:43:59.737] [info] Reset usb successfully :)
[2026-04-26 15:43:59.737] [warning] MV_CC_EnumDevices failed: 0x80000006
[2026-04-26 15:43:59.837] [warning] MV_CC_StopGrabbing failed: 0x80000000
[2026-04-26 15:43:59.968] [info] Reset usb successfully :)
[2026-04-26 15:43:59.968] [warning] MV_CC_EnumDevices failed: 0x80000006
[2026-04-26 15:44:00.068] [warning] MV_CC_StopGrabbing failed: 0x80000000
[2026-04-26 15:44:00.199] [info] Reset usb successfully :)
[2026-04-26 15:44:00.199] [warning] MV_CC_EnumDevices failed: 0x80000006
[2026-04-26 15:44:00.299] [warning] MV_CC_StopGrabbing failed: 0x80000000
[2026-04-26 15:44:00.429] [info] Reset usb successfully :)
[2026-04-26 15:44:00.429] [warning] MV_CC_EnumDevices failed: 0x80000006
[2026-04-26 15:44:00.529] [warning] MV_CC_StopGrabbing failed: 0x80000000
[2026-04-26 15:44:00.658] [info] Reset usb successfully :)
[2026-04-26 15:44:00.658] [warning] MV_CC_EnumDevices failed: 0x80000006
[2026-04-26 15:44:00.758] [warning] MV_CC_StopGrabbing failed: 0x80000000
[2026-04-26 15:44:00.888] [info] Reset usb successfully :)
[2026-04-26 15:44:00.888] [warning] MV_CC_EnumDevices failed: 0x80000006
[2026-04-26 15:44:00.988] [warning] MV_CC_StopGrabbing failed: 0x80000000
[2026-04-26 15:44:01.117] [info] Reset usb successfully :)
[2026-04-26 15:44:01.117] [warning] MV_CC_EnumDevices failed: 0x80000006
[2026-04-26 15:44:01.218] [warning] MV_CC_StopGrabbing failed: 0x80000000
[2026-04-26 15:44:01.349] [info] Reset usb successfully :)
[2026-04-26 15:44:01.350] [warning] MV_CC_EnumDevices failed: 0x80000006
[2026-04-26 15:44:01.450] [warning] MV_CC_StopGrabbing failed: 0x80000000
[2026-04-26 15:44:01.580] [info] Reset usb successfully :)
[2026-04-26 15:44:01.580] [warning] MV_CC_EnumDevices failed: 0x80000006
[2026-04-26 15:44:01.680] [warning] MV_CC_StopGrabbing failed: 0x80000000
[2026-04-26 15:44:01.813] [info] Reset usb successfully :)
[2026-04-26 15:44:01.813] [warning] MV_CC_EnumDevices failed: 0x80000006
[2026-04-26 15:44:01.913] [warning] MV_CC_StopGrabbing failed: 0x80000000
[2026-04-26 15:44:02.045] [info] Reset usb successfully :)
[2026-04-26 15:44:02.046] [warning] MV_CC_EnumDevices failed: 0x80000006
[2026-04-26 15:44:02.147] [warning] MV_CC_StopGrabbing failed: 0x80000000
[2026-04-26 15:44:02.276] [info] Reset usb successfully :)
[2026-04-26 15:44:02.277] [warning] MV_CC_EnumDevices failed: 0x80000006
[2026-04-26 15:44:02.377] [warning] MV_CC_StopGrabbing failed: 0x80000000
[2026-04-26 15:44:02.506] [info] Reset usb successfully :)
[2026-04-26 15:44:02.506] [warning] MV_CC_EnumDevices failed: 0x80000006
[2026-04-26 15:44:02.606] [warning] MV_CC_StopGrabbing failed: 0x80000000
[2026-04-26 15:44:02.735] [info] Reset usb successfully :)
[2026-04-26 15:44:02.735] [warning] MV_CC_EnumDevices failed: 0x80000006
[2026-04-26 15:44:02.835] [warning] MV_CC_StopGrabbing failed: 0x80000000
[2026-04-26 15:44:02.965] [info] Reset usb successfully :)
[2026-04-26 15:44:02.966] [warning] MV_CC_EnumDevices failed: 0x80000006
[2026-04-26 15:44:03.066] [warning] MV_CC_StopGrabbing failed: 0x80000000
[2026-04-26 15:44:03.195] [info] Reset usb successfully :)
[2026-04-26 15:44:03.195] [warning] MV_CC_EnumDevices failed: 0x80000006
[2026-04-26 15:44:03.295] [warning] MV_CC_StopGrabbing failed: 0x80000000
[2026-04-26 15:44:03.424] [info] Reset usb successfully :)
[2026-04-26 15:44:03.425] [warning] MV_CC_EnumDevices failed: 0x80000006
[2026-04-26 15:44:03.525] [warning] MV_CC_StopGrabbing failed: 0x80000000
[2026-04-26 15:44:03.654] [info] Reset usb successfully :)
[2026-04-26 15:44:03.654] [warning] MV_CC_EnumDevices failed: 0x80000006
[2026-04-26 15:44:03.754] [warning] MV_CC_StopGrabbing failed: 0x80000000
[2026-04-26 15:44:03.883] [info] Reset usb successfully :)
[2026-04-26 15:44:03.883] [warning] MV_CC_EnumDevices failed: 0x80000006
[2026-04-26 15:44:03.983] [warning] MV_CC_StopGrabbing failed: 0x80000000
[2026-04-26 15:44:04.112] [info] Reset usb successfully :)
[2026-04-26 15:44:04.113] [warning] MV_CC_EnumDevices failed: 0x80000006
[2026-04-26 15:44:04.213] [warning] MV_CC_StopGrabbing failed: 0x80000000
[2026-04-26 15:44:04.343] [info] Reset usb successfully :)
[2026-04-26 15:44:04.344] [warning] MV_CC_EnumDevices failed: 0x80000006
[2026-04-26 15:44:04.444] [warning] MV_CC_StopGrabbing failed: 0x80000000
[2026-04-26 15:44:04.574] [info] Reset usb successfully :)
[2026-04-26 15:44:04.574] [warning] MV_CC_EnumDevices failed: 0x80000006
[2026-04-26 15:44:04.674] [warning] MV_CC_StopGrabbing failed: 0x80000000
[2026-04-26 15:44:04.803] [info] Reset usb successfully :)
[2026-04-26 15:44:04.803] [warning] MV_CC_EnumDevices failed: 0x80000006
[2026-04-26 15:44:04.904] [warning] MV_CC_StopGrabbing failed: 0x80000000
[2026-04-26 15:44:05.033] [info] Reset usb successfully :)
[2026-04-26 15:44:05.033] [warning] MV_CC_EnumDevices failed: 0x80000006
[2026-04-26 15:44:05.134] [warning] MV_CC_StopGrabbing failed: 0x80000000
[2026-04-26 15:44:05.264] [info] Reset usb successfully :)
[2026-04-26 15:44:05.264] [warning] MV_CC_EnumDevices failed: 0x80000006
[2026-04-26 15:44:05.364] [warning] MV_CC_StopGrabbing failed: 0x80000000
[2026-04-26 15:44:05.493] [info] Reset usb successfully :)
[2026-04-26 15:44:05.494] [warning] MV_CC_EnumDevices failed: 0x80000006
[2026-04-26 15:44:05.594] [warning] MV_CC_StopGrabbing failed: 0x80000000
[2026-04-26 15:44:05.725] [info] Reset usb successfully :)
[2026-04-26 15:44:05.726] [warning] MV_CC_EnumDevices failed: 0x80000006
[2026-04-26 15:44:05.826] [warning] MV_CC_StopGrabbing failed: 0x80000000
[2026-04-26 15:44:05.955] [info] Reset usb successfully :)
[2026-04-26 15:44:05.955] [warning] MV_CC_EnumDevices failed: 0x80000006
[2026-04-26 15:44:06.055] [warning] MV_CC_StopGrabbing failed: 0x80000000
[2026-04-26 15:44:06.184] [info] Reset usb successfully :)
[2026-04-26 15:44:06.184] [warning] MV_CC_EnumDevices failed: 0x80000006
[2026-04-26 15:44:06.284] [warning] MV_CC_StopGrabbing failed: 0x80000000
[2026-04-26 15:44:06.414] [info] Reset usb successfully :)
[2026-04-26 15:44:06.414] [warning] MV_CC_EnumDevices failed: 0x80000006
[2026-04-26 15:44:06.514] [warning] MV_CC_StopGrabbing failed: 0x80000000
[2026-04-26 15:44:06.645] [info] Reset usb successfully :)
[2026-04-26 15:44:06.645] [warning] MV_CC_EnumDevices failed: 0x80000006
[2026-04-26 15:44:06.745] [warning] MV_CC_StopGrabbing failed: 0x80000000
[2026-04-26 15:44:06.875] [info] Reset usb successfully :)
[2026-04-26 15:44:06.875] [warning] MV_CC_EnumDevices failed: 0x80000006
[2026-04-26 15:44:06.976] [warning] MV_CC_StopGrabbing failed: 0x80000000
[2026-04-26 15:44:07.105] [info] Reset usb successfully :)
[2026-04-26 15:44:07.105] [warning] MV_CC_EnumDevices failed: 0x80000006
[2026-04-26 15:44:07.205] [warning] MV_CC_StopGrabbing failed: 0x80000000
[2026-04-26 15:44:07.335] [info] Reset usb successfully :)
[2026-04-26 15:44:07.335] [warning] MV_CC_EnumDevices failed: 0x80000006
[2026-04-26 15:44:07.436] [warning] MV_CC_StopGrabbing failed: 0x80000000
[2026-04-26 15:44:07.565] [info] Reset usb successfully :)
[2026-04-26 15:44:07.565] [warning] MV_CC_EnumDevices failed: 0x80000006
[2026-04-26 15:44:07.665] [warning] MV_CC_StopGrabbing failed: 0x80000000
[2026-04-26 15:44:07.794] [info] Reset usb successfully :)
[2026-04-26 15:44:07.794] [warning] MV_CC_EnumDevices failed: 0x80000006
[2026-04-26 15:44:07.895] [warning] MV_CC_StopGrabbing failed: 0x80000000
[2026-04-26 15:44:08.023] [info] Reset usb successfully :)
[2026-04-26 15:44:08.024] [warning] MV_CC_EnumDevices failed: 0x80000006
[2026-04-26 15:44:08.124] [warning] MV_CC_StopGrabbing failed: 0x80000000
[2026-04-26 15:44:08.253] [info] Reset usb successfully :)
[2026-04-26 15:44:08.253] [warning] MV_CC_EnumDevices failed: 0x80000006
[2026-04-26 15:44:08.353] [warning] MV_CC_StopGrabbing failed: 0x80000000
[2026-04-26 15:44:08.482] [info] Reset usb successfully :)
[2026-04-26 15:44:08.482] [warning] MV_CC_EnumDevices failed: 0x80000006
[2026-04-26 15:44:08.583] [warning] MV_CC_StopGrabbing failed: 0x80000000
[2026-04-26 15:44:08.712] [info] Reset usb successfully :)
[2026-04-26 15:44:08.712] [warning] MV_CC_EnumDevices failed: 0x80000006
[2026-04-26 15:44:08.812] [warning] MV_CC_StopGrabbing failed: 0x80000000
[2026-04-26 15:44:08.942] [info] Reset usb successfully :)
[2026-04-26 15:44:08.942] [warning] MV_CC_EnumDevices failed: 0x80000006
[2026-04-26 15:44:09.042] [warning] MV_CC_StopGrabbing failed: 0x80000000
[2026-04-26 15:44:09.172] [info] Reset usb successfully :)
[2026-04-26 15:44:09.172] [warning] MV_CC_EnumDevices failed: 0x80000006
[2026-04-26 15:44:09.272] [warning] MV_CC_StopGrabbing failed: 0x80000000
[2026-04-26 15:44:09.403] [info] Reset usb successfully :)
[2026-04-26 15:44:09.403] [warning] MV_CC_EnumDevices failed: 0x80000006
[2026-04-26 15:44:09.503] [warning] MV_CC_StopGrabbing failed: 0x80000000
[2026-04-26 15:44:09.632] [info] Reset usb successfully :)
[2026-04-26 15:44:09.632] [warning] MV_CC_EnumDevices failed: 0x80000006
[2026-04-26 15:44:09.733] [warning] MV_CC_StopGrabbing failed: 0x80000000
[2026-04-26 15:44:09.862] [info] Reset usb successfully :)
[2026-04-26 15:44:09.862] [warning] MV_CC_EnumDevices failed: 0x80000006
[2026-04-26 15:44:09.962] [warning] MV_CC_StopGrabbing failed: 0x80000000
[2026-04-26 15:44:10.092] [info] Reset usb successfully :)
[2026-04-26 15:44:10.092] [warning] MV_CC_EnumDevices failed: 0x80000006
[2026-04-26 15:44:10.192] [warning] MV_CC_StopGrabbing failed: 0x80000000
[2026-04-26 15:44:10.322] [info] Reset usb successfully :)
[2026-04-26 15:44:10.322] [warning] MV_CC_EnumDevices failed: 0x80000006
[2026-04-26 15:44:10.422] [warning] MV_CC_StopGrabbing failed: 0x80000000
[2026-04-26 15:44:10.555] [info] Reset usb successfully :)
[2026-04-26 15:44:10.556] [warning] MV_CC_EnumDevices failed: 0x80000006
[2026-04-26 15:44:10.657] [warning] MV_CC_StopGrabbing failed: 0x80000000
[2026-04-26 15:44:10.788] [info] Reset usb successfully :)
[2026-04-26 15:44:10.789] [warning] MV_CC_EnumDevices failed: 0x80000006
[2026-04-26 15:44:10.889] [warning] MV_CC_StopGrabbing failed: 0x80000000
[2026-04-26 15:44:11.021] [info] Reset usb successfully :)
[2026-04-26 15:44:11.022] [warning] MV_CC_EnumDevices failed: 0x80000006
[2026-04-26 15:44:11.122] [warning] MV_CC_StopGrabbing failed: 0x80000000
[2026-04-26 15:44:11.251] [info] Reset usb successfully :)
[2026-04-26 15:44:11.251] [warning] MV_CC_EnumDevices failed: 0x80000006
[2026-04-26 15:44:11.351] [warning] MV_CC_StopGrabbing failed: 0x80000000
[2026-04-26 15:44:11.483] [info] Reset usb successfully :)
[2026-04-26 15:44:11.484] [warning] MV_CC_EnumDevices failed: 0x80000006
[2026-04-26 15:44:11.584] [warning] MV_CC_StopGrabbing failed: 0x80000000
[2026-04-26 15:44:11.715] [info] Reset usb successfully :)
[2026-04-26 15:44:11.715] [warning] MV_CC_EnumDevices failed: 0x80000006
[2026-04-26 15:44:11.815] [warning] MV_CC_StopGrabbing failed: 0x80000000
[2026-04-26 15:44:11.946] [info] Reset usb successfully :)
[2026-04-26 15:44:11.946] [warning] MV_CC_EnumDevices failed: 0x80000006
[2026-04-26 15:44:12.046] [warning] MV_CC_StopGrabbing failed: 0x80000000
[2026-04-26 15:44:12.176] [info] Reset usb successfully :)
[2026-04-26 15:44:12.176] [warning] MV_CC_EnumDevices failed: 0x80000006
[2026-04-26 15:44:12.276] [warning] MV_CC_StopGrabbing failed: 0x80000000
[2026-04-26 15:44:12.408] [info] Reset usb successfully :)
[2026-04-26 15:44:12.410] [warning] MV_CC_EnumDevices failed: 0x80000006
[2026-04-26 15:44:12.511] [warning] MV_CC_StopGrabbing failed: 0x80000000
[2026-04-26 15:44:12.641] [info] Reset usb successfully :)
[2026-04-26 15:44:12.643] [warning] MV_CC_EnumDevices failed: 0x80000006
[2026-04-26 15:44:12.743] [warning] MV_CC_StopGrabbing failed: 0x80000000
[2026-04-26 15:44:12.876] [info] Reset usb successfully :)
[2026-04-26 15:44:12.877] [warning] MV_CC_EnumDevices failed: 0x80000006
[2026-04-26 15:44:12.977] [warning] MV_CC_StopGrabbing failed: 0x80000000
[2026-04-26 15:44:13.111] [info] Reset usb successfully :)
[2026-04-26 15:44:13.113] [warning] MV_CC_EnumDevices failed: 0x80000006
[2026-04-26 15:44:13.213] [warning] MV_CC_StopGrabbing failed: 0x80000000
[2026-04-26 15:44:13.342] [info] Reset usb successfully :)
[2026-04-26 15:44:13.342] [warning] MV_CC_EnumDevices failed: 0x80000006
[2026-04-26 15:44:13.442] [warning] MV_CC_StopGrabbing failed: 0x80000000
[2026-04-26 15:44:13.571] [info] Reset usb successfully :)
[2026-04-26 15:44:13.571] [warning] MV_CC_EnumDevices failed: 0x80000006
[2026-04-26 15:44:13.671] [warning] MV_CC_StopGrabbing failed: 0x80000000
[2026-04-26 15:44:13.802] [info] Reset usb successfully :)
[2026-04-26 15:44:13.803] [warning] MV_CC_EnumDevices failed: 0x80000006
[2026-04-26 15:44:13.903] [warning] MV_CC_StopGrabbing failed: 0x80000000
[2026-04-26 15:44:14.036] [info] Reset usb successfully :)
[2026-04-26 15:44:14.036] [warning] MV_CC_EnumDevices failed: 0x80000006
[2026-04-26 15:44:14.137] [warning] MV_CC_StopGrabbing failed: 0x80000000
[2026-04-26 15:44:14.267] [info] Reset usb successfully :)
[2026-04-26 15:44:14.269] [warning] MV_CC_EnumDevices failed: 0x80000006
[2026-04-26 15:44:14.369] [warning] MV_CC_StopGrabbing failed: 0x80000000
[2026-04-26 15:44:14.502] [info] Reset usb successfully :)
[2026-04-26 15:44:14.503] [warning] MV_CC_EnumDevices failed: 0x80000006
[2026-04-26 15:44:14.604] [warning] MV_CC_StopGrabbing failed: 0x80000000
[2026-04-26 15:44:14.734] [info] Reset usb successfully :)
[2026-04-26 15:44:14.735] [warning] MV_CC_EnumDevices failed: 0x80000006
[2026-04-26 15:44:14.836] [warning] MV_CC_StopGrabbing failed: 0x80000000
[2026-04-26 15:44:14.966] [info] Reset usb successfully :)
[2026-04-26 15:44:14.966] [warning] MV_CC_EnumDevices failed: 0x80000006
[2026-04-26 15:44:15.066] [warning] MV_CC_StopGrabbing failed: 0x80000000
[2026-04-26 15:44:15.198] [info] Reset usb successfully :)
[2026-04-26 15:44:15.198] [warning] MV_CC_EnumDevices failed: 0x80000006
[2026-04-26 15:44:15.298] [warning] MV_CC_StopGrabbing failed: 0x80000000
[2026-04-26 15:44:15.428] [info] Reset usb successfully :)
[2026-04-26 15:44:15.428] [warning] MV_CC_EnumDevices failed: 0x80000006
[2026-04-26 15:44:15.529] [warning] MV_CC_StopGrabbing failed: 0x80000000
[2026-04-26 15:44:15.660] [info] Reset usb successfully :)
[2026-04-26 15:44:15.662] [warning] MV_CC_EnumDevices failed: 0x80000006
[2026-04-26 15:44:15.762] [warning] MV_CC_StopGrabbing failed: 0x80000000
[2026-04-26 15:44:15.892] [info] Reset usb successfully :)
[2026-04-26 15:44:15.893] [warning] MV_CC_EnumDevices failed: 0x80000006
[2026-04-26 15:44:15.993] [warning] MV_CC_StopGrabbing failed: 0x80000000
[2026-04-26 15:44:16.124] [info] Reset usb successfully :)
[2026-04-26 15:44:16.124] [warning] MV_CC_EnumDevices failed: 0x80000006
[2026-04-26 15:44:16.224] [warning] MV_CC_StopGrabbing failed: 0x80000000
[2026-04-26 15:44:16.354] [info] Reset usb successfully :)
[2026-04-26 15:44:16.354] [warning] MV_CC_EnumDevices failed: 0x80000006
[2026-04-26 15:44:16.455] [warning] MV_CC_StopGrabbing failed: 0x80000000
[2026-04-26 15:44:16.584] [info] Reset usb successfully :)
[2026-04-26 15:44:16.584] [warning] MV_CC_EnumDevices failed: 0x80000006
[2026-04-26 15:44:16.685] [warning] MV_CC_StopGrabbing failed: 0x80000000
[2026-04-26 15:44:16.814] [info] Reset usb successfully :)
[2026-04-26 15:44:16.814] [warning] MV_CC_EnumDevices failed: 0x80000006
[2026-04-26 15:44:16.914] [warning] MV_CC_StopGrabbing failed: 0x80000000
[2026-04-26 15:44:17.044] [info] Reset usb successfully :)
[2026-04-26 15:44:17.044] [warning] MV_CC_EnumDevices failed: 0x80000006
[2026-04-26 15:44:17.145] [warning] MV_CC_StopGrabbing failed: 0x80000000
[2026-04-26 15:44:17.275] [info] Reset usb successfully :)
[2026-04-26 15:44:17.276] [warning] MV_CC_EnumDevices failed: 0x80000006
[2026-04-26 15:44:17.377] [warning] MV_CC_StopGrabbing failed: 0x80000000
[2026-04-26 15:44:17.509] [info] Reset usb successfully :)
[2026-04-26 15:44:17.511] [warning] MV_CC_EnumDevices failed: 0x80000006
[2026-04-26 15:44:17.611] [warning] MV_CC_StopGrabbing failed: 0x80000000
[2026-04-26 15:44:17.742] [info] Reset usb successfully :)
[2026-04-26 15:44:17.746] [warning] MV_CC_EnumDevices failed: 0x80000006
[2026-04-26 15:44:17.846] [warning] MV_CC_StopGrabbing failed: 0x80000000
[2026-04-26 15:44:17.977] [info] Reset usb successfully :)
[2026-04-26 15:44:17.978] [warning] MV_CC_EnumDevices failed: 0x80000006
[2026-04-26 15:44:18.078] [warning] MV_CC_StopGrabbing failed: 0x80000000
[2026-04-26 15:44:18.210] [info] Reset usb successfully :)
[2026-04-26 15:44:18.212] [warning] MV_CC_EnumDevices failed: 0x80000006
[2026-04-26 15:44:18.312] [warning] MV_CC_StopGrabbing failed: 0x80000000
[2026-04-26 15:44:18.444] [info] Reset usb successfully :)
[2026-04-26 15:44:18.446] [warning] MV_CC_EnumDevices failed: 0x80000006
[2026-04-26 15:44:18.546] [warning] MV_CC_StopGrabbing failed: 0x80000000
[2026-04-26 15:44:18.679] [info] Reset usb successfully :)
[2026-04-26 15:44:18.680] [warning] MV_CC_EnumDevices failed: 0x80000006
[2026-04-26 15:44:18.780] [warning] MV_CC_StopGrabbing failed: 0x80000000
[2026-04-26 15:44:18.911] [info] Reset usb successfully :)
[2026-04-26 15:44:18.912] [warning] MV_CC_EnumDevices failed: 0x80000006
[2026-04-26 15:44:19.012] [warning] MV_CC_StopGrabbing failed: 0x80000000
[2026-04-26 15:44:19.146] [info] Reset usb successfully :)
[2026-04-26 15:44:19.147] [warning] MV_CC_EnumDevices failed: 0x80000006
[2026-04-26 15:44:19.248] [warning] MV_CC_StopGrabbing failed: 0x80000000
[2026-04-26 15:44:19.379] [info] Reset usb successfully :)
[2026-04-26 15:44:19.380] [warning] MV_CC_EnumDevices failed: 0x80000006
[2026-04-26 15:44:19.480] [warning] MV_CC_StopGrabbing failed: 0x80000000
[2026-04-26 15:44:19.611] [info] Reset usb successfully :)
[2026-04-26 15:44:19.612] [warning] MV_CC_EnumDevices failed: 0x80000006
[2026-04-26 15:44:19.712] [warning] MV_CC_StopGrabbing failed: 0x80000000
[2026-04-26 15:44:19.842] [info] Reset usb successfully :)
[2026-04-26 15:44:19.844] [warning] MV_CC_EnumDevices failed: 0x80000006
[2026-04-26 15:44:19.944] [warning] MV_CC_StopGrabbing failed: 0x80000000
[2026-04-26 15:44:20.075] [info] Reset usb successfully :)
[2026-04-26 15:44:20.076] [warning] MV_CC_EnumDevices failed: 0x80000006
[2026-04-26 15:44:20.176] [warning] MV_CC_StopGrabbing failed: 0x80000000
[2026-04-26 15:44:20.307] [info] Reset usb successfully :)
[2026-04-26 15:44:20.309] [warning] MV_CC_EnumDevices failed: 0x80000006
[2026-04-26 15:44:20.409] [warning] MV_CC_StopGrabbing failed: 0x80000000
[2026-04-26 15:44:20.540] [info] Reset usb successfully :)
[2026-04-26 15:44:20.542] [warning] MV_CC_EnumDevices failed: 0x80000006
[2026-04-26 15:44:20.642] [warning] MV_CC_StopGrabbing failed: 0x80000000
[2026-04-26 15:44:20.772] [info] Reset usb successfully :)
[2026-04-26 15:44:20.772] [warning] MV_CC_EnumDevices failed: 0x80000006
[2026-04-26 15:44:20.873] [warning] MV_CC_StopGrabbing failed: 0x80000000
[2026-04-26 15:44:21.005] [info] Reset usb successfully :)
[2026-04-26 15:44:21.006] [warning] MV_CC_EnumDevices failed: 0x80000006
[2026-04-26 15:44:21.106] [warning] MV_CC_StopGrabbing failed: 0x80000000
[2026-04-26 15:44:21.239] [info] Reset usb successfully :)
[2026-04-26 15:44:21.240] [warning] MV_CC_EnumDevices failed: 0x80000006
[2026-04-26 15:44:21.341] [warning] MV_CC_StopGrabbing failed: 0x80000000
[2026-04-26 15:44:21.471] [info] Reset usb successfully :)
[2026-04-26 15:44:21.472] [warning] MV_CC_EnumDevices failed: 0x80000006
[2026-04-26 15:44:21.572] [warning] MV_CC_StopGrabbing failed: 0x80000000
[2026-04-26 15:44:21.703] [info] Reset usb successfully :)
[2026-04-26 15:44:21.704] [warning] MV_CC_EnumDevices failed: 0x80000006
[2026-04-26 15:44:21.804] [warning] MV_CC_StopGrabbing failed: 0x80000000
[2026-04-26 15:44:21.936] [info] Reset usb successfully :)
[2026-04-26 15:44:21.938] [warning] MV_CC_EnumDevices failed: 0x80000006
[2026-04-26 15:44:22.038] [warning] MV_CC_StopGrabbing failed: 0x80000000
[2026-04-26 15:44:22.168] [info] Reset usb successfully :)
[2026-04-26 15:44:22.169] [warning] MV_CC_EnumDevices failed: 0x80000006
[2026-04-26 15:44:22.269] [warning] MV_CC_StopGrabbing failed: 0x80000000
[2026-04-26 15:44:22.401] [info] Reset usb successfully :)
[2026-04-26 15:44:22.402] [warning] MV_CC_EnumDevices failed: 0x80000006
[2026-04-26 15:44:22.502] [warning] MV_CC_StopGrabbing failed: 0x80000000
[2026-04-26 15:44:22.632] [info] Reset usb successfully :)
[2026-04-26 15:44:22.633] [warning] MV_CC_EnumDevices failed: 0x80000006
[2026-04-26 15:44:22.733] [warning] MV_CC_StopGrabbing failed: 0x80000000
[2026-04-26 15:44:22.865] [info] Reset usb successfully :)
[2026-04-26 15:44:22.865] [warning] MV_CC_EnumDevices failed: 0x80000006
[2026-04-26 15:44:22.965] [warning] MV_CC_StopGrabbing failed: 0x80000000
[2026-04-26 15:44:23.096] [info] Reset usb successfully :)
[2026-04-26 15:44:23.097] [warning] MV_CC_EnumDevices failed: 0x80000006
[2026-04-26 15:44:23.197] [warning] MV_CC_StopGrabbing failed: 0x80000000
[2026-04-26 15:44:23.328] [info] Reset usb successfully :)
[2026-04-26 15:44:23.329] [warning] MV_CC_EnumDevices failed: 0x80000006
[2026-04-26 15:44:23.429] [warning] MV_CC_StopGrabbing failed: 0x80000000
[2026-04-26 15:44:23.559] [info] Reset usb successfully :)
[2026-04-26 15:44:23.561] [warning] MV_CC_EnumDevices failed: 0x80000006
[2026-04-26 15:44:23.661] [warning] MV_CC_StopGrabbing failed: 0x80000000
[2026-04-26 15:44:23.792] [info] Reset usb successfully :)
[2026-04-26 15:44:23.792] [warning] MV_CC_EnumDevices failed: 0x80000006
[2026-04-26 15:44:23.892] [warning] MV_CC_StopGrabbing failed: 0x80000000
[2026-04-26 15:44:24.022] [info] Reset usb successfully :)
[2026-04-26 15:44:24.023] [warning] MV_CC_EnumDevices failed: 0x80000006
[2026-04-26 15:44:24.123] [warning] MV_CC_StopGrabbing failed: 0x80000000
[2026-04-26 15:44:24.253] [info] Reset usb successfully :)
[2026-04-26 15:44:24.253] [warning] MV_CC_EnumDevices failed: 0x80000006
[2026-04-26 15:44:24.354] [warning] MV_CC_StopGrabbing failed: 0x80000000
[2026-04-26 15:44:24.484] [info] Reset usb successfully :)
[2026-04-26 15:44:24.485] [warning] MV_CC_EnumDevices failed: 0x80000006
[2026-04-26 15:44:24.585] [warning] MV_CC_StopGrabbing failed: 0x80000000
[2026-04-26 15:44:24.716] [info] Reset usb successfully :)
[2026-04-26 15:44:24.717] [warning] MV_CC_EnumDevices failed: 0x80000006
[2026-04-26 15:44:24.817] [warning] MV_CC_StopGrabbing failed: 0x80000000
[2026-04-26 15:44:24.947] [info] Reset usb successfully :)
[2026-04-26 15:44:24.947] [warning] MV_CC_EnumDevices failed: 0x80000006
[2026-04-26 15:44:25.047] [warning] MV_CC_StopGrabbing failed: 0x80000000
[2026-04-26 15:44:25.176] [info] Reset usb successfully :)
[2026-04-26 15:44:25.176] [warning] MV_CC_EnumDevices failed: 0x80000006
[2026-04-26 15:44:25.276] [warning] MV_CC_StopGrabbing failed: 0x80000000
[2026-04-26 15:44:25.406] [info] Reset usb successfully :)
[2026-04-26 15:44:25.406] [warning] MV_CC_EnumDevices failed: 0x80000006
[2026-04-26 15:44:25.507] [warning] MV_CC_StopGrabbing failed: 0x80000000
[2026-04-26 15:44:25.636] [info] Reset usb successfully :)
[2026-04-26 15:44:25.636] [warning] MV_CC_EnumDevices failed: 0x80000006
[2026-04-26 15:44:25.736] [warning] MV_CC_StopGrabbing failed: 0x80000000
[2026-04-26 15:44:25.865] [info] Reset usb successfully :)
[2026-04-26 15:44:25.866] [warning] MV_CC_EnumDevices failed: 0x80000006
[2026-04-26 15:44:25.966] [warning] MV_CC_StopGrabbing failed: 0x80000000
[2026-04-26 15:44:26.096] [info] Reset usb successfully :)
[2026-04-26 15:44:26.096] [warning] MV_CC_EnumDevices failed: 0x80000006
[2026-04-26 15:44:26.196] [warning] MV_CC_StopGrabbing failed: 0x80000000
[2026-04-26 15:44:26.327] [info] Reset usb successfully :)
[2026-04-26 15:44:26.328] [warning] MV_CC_EnumDevices failed: 0x80000006
[2026-04-26 15:44:26.428] [warning] MV_CC_StopGrabbing failed: 0x80000000
[2026-04-26 15:44:26.560] [info] Reset usb successfully :)
[2026-04-26 15:44:26.560] [warning] MV_CC_EnumDevices failed: 0x80000006
[2026-04-26 15:44:26.660] [warning] MV_CC_StopGrabbing failed: 0x80000000
[2026-04-26 15:44:26.791] [info] Reset usb successfully :)
[2026-04-26 15:44:26.791] [warning] MV_CC_EnumDevices failed: 0x80000006
[2026-04-26 15:44:26.891] [warning] MV_CC_StopGrabbing failed: 0x80000000
[2026-04-26 15:44:27.020] [info] Reset usb successfully :)
[2026-04-26 15:44:27.020] [warning] MV_CC_EnumDevices failed: 0x80000006
[2026-04-26 15:44:27.120] [warning] MV_CC_StopGrabbing failed: 0x80000000
[2026-04-26 15:44:27.252] [info] Reset usb successfully :)
[2026-04-26 15:44:27.252] [warning] MV_CC_EnumDevices failed: 0x80000006
[2026-04-26 15:44:27.352] [warning] MV_CC_StopGrabbing failed: 0x80000000
[2026-04-26 15:44:27.484] [info] Reset usb successfully :)
[2026-04-26 15:44:27.485] [warning] MV_CC_EnumDevices failed: 0x80000006
[2026-04-26 15:44:27.585] [warning] MV_CC_StopGrabbing failed: 0x80000000
[2026-04-26 15:44:27.714] [info] Reset usb successfully :)
[2026-04-26 15:44:27.714] [warning] MV_CC_EnumDevices failed: 0x80000006
[2026-04-26 15:44:27.814] [warning] MV_CC_StopGrabbing failed: 0x80000000
[2026-04-26 15:44:27.943] [info] Reset usb successfully :)
[2026-04-26 15:44:27.943] [warning] MV_CC_EnumDevices failed: 0x80000006
[2026-04-26 15:44:28.043] [warning] MV_CC_StopGrabbing failed: 0x80000000
[2026-04-26 15:44:28.172] [info] Reset usb successfully :)
[2026-04-26 15:44:28.172] [warning] MV_CC_EnumDevices failed: 0x80000006
[2026-04-26 15:44:28.272] [warning] MV_CC_StopGrabbing failed: 0x80000000
[2026-04-26 15:44:28.402] [info] Reset usb successfully :)
[2026-04-26 15:44:28.402] [warning] MV_CC_EnumDevices failed: 0x80000006
[2026-04-26 15:44:28.502] [warning] MV_CC_StopGrabbing failed: 0x80000000
[2026-04-26 15:44:28.632] [info] Reset usb successfully :)
[2026-04-26 15:44:28.632] [warning] MV_CC_EnumDevices failed: 0x80000006
[2026-04-26 15:44:28.732] [warning] MV_CC_StopGrabbing failed: 0x80000000
[2026-04-26 15:44:28.862] [info] Reset usb successfully :)
[2026-04-26 15:44:28.862] [warning] MV_CC_EnumDevices failed: 0x80000006
[2026-04-26 15:44:28.962] [warning] MV_CC_StopGrabbing failed: 0x80000000
[2026-04-26 15:44:29.091] [info] Reset usb successfully :)
[2026-04-26 15:44:29.091] [warning] MV_CC_EnumDevices failed: 0x80000006
[2026-04-26 15:44:29.191] [warning] MV_CC_StopGrabbing failed: 0x80000000
[2026-04-26 15:44:29.321] [info] Reset usb successfully :)
[2026-04-26 15:44:29.323] [warning] MV_CC_EnumDevices failed: 0x80000006
[2026-04-26 15:44:29.423] [warning] MV_CC_StopGrabbing failed: 0x80000000
[2026-04-26 15:44:29.556] [info] Reset usb successfully :)
[2026-04-26 15:44:29.557] [warning] MV_CC_EnumDevices failed: 0x80000006
[2026-04-26 15:44:29.657] [warning] MV_CC_StopGrabbing failed: 0x80000000
[2026-04-26 15:44:29.789] [info] Reset usb successfully :)
[2026-04-26 15:44:29.790] [warning] MV_CC_EnumDevices failed: 0x80000006
[2026-04-26 15:44:29.890] [warning] MV_CC_StopGrabbing failed: 0x80000000
[2026-04-26 15:44:30.021] [info] Reset usb successfully :)
[2026-04-26 15:44:30.023] [warning] MV_CC_EnumDevices failed: 0x80000006
[2026-04-26 15:44:30.123] [warning] MV_CC_StopGrabbing failed: 0x80000000
[2026-04-26 15:44:30.253] [info] Reset usb successfully :)
[2026-04-26 15:44:30.254] [warning] MV_CC_EnumDevices failed: 0x80000006
[2026-04-26 15:44:30.354] [warning] MV_CC_StopGrabbing failed: 0x80000000
[2026-04-26 15:44:30.485] [info] Reset usb successfully :)
[2026-04-26 15:44:30.485] [warning] MV_CC_EnumDevices failed: 0x80000006
[2026-04-26 15:44:30.585] [warning] MV_CC_StopGrabbing failed: 0x80000000
[2026-04-26 15:44:30.718] [info] Reset usb successfully :)
[2026-04-26 15:44:30.718] [warning] MV_CC_EnumDevices failed: 0x80000006
[2026-04-26 15:44:30.819] [warning] MV_CC_StopGrabbing failed: 0x80000000
[2026-04-26 15:44:30.947] [info] Reset usb successfully :)
[2026-04-26 15:44:30.947] [warning] MV_CC_EnumDevices failed: 0x80000006
[2026-04-26 15:44:31.048] [warning] MV_CC_StopGrabbing failed: 0x80000000
[2026-04-26 15:44:31.176] [info] Reset usb successfully :)
[2026-04-26 15:44:31.176] [warning] MV_CC_EnumDevices failed: 0x80000006
[2026-04-26 15:44:31.277] [warning] MV_CC_StopGrabbing failed: 0x80000000
[2026-04-26 15:44:31.406] [info] Reset usb successfully :)
[2026-04-26 15:44:31.406] [warning] MV_CC_EnumDevices failed: 0x80000006
[2026-04-26 15:44:31.506] [warning] MV_CC_StopGrabbing failed: 0x80000000
[2026-04-26 15:44:31.635] [info] Reset usb successfully :)
[2026-04-26 15:44:31.635] [warning] MV_CC_EnumDevices failed: 0x80000006
[2026-04-26 15:44:31.735] [warning] MV_CC_StopGrabbing failed: 0x80000000
[2026-04-26 15:44:31.864] [info] Reset usb successfully :)
[2026-04-26 15:44:31.864] [warning] MV_CC_EnumDevices failed: 0x80000006
[2026-04-26 15:44:31.964] [warning] MV_CC_StopGrabbing failed: 0x80000000
[2026-04-26 15:44:32.094] [info] Reset usb successfully :)
[2026-04-26 15:44:32.095] [warning] MV_CC_EnumDevices failed: 0x80000006
[2026-04-26 15:44:32.195] [warning] MV_CC_StopGrabbing failed: 0x80000000
[2026-04-26 15:44:32.326] [info] Reset usb successfully :)
[2026-04-26 15:44:32.327] [warning] MV_CC_EnumDevices failed: 0x80000006
[2026-04-26 15:44:32.427] [warning] MV_CC_StopGrabbing failed: 0x80000000
[2026-04-26 15:44:32.557] [info] Reset usb successfully :)
[2026-04-26 15:44:32.558] [warning] MV_CC_EnumDevices failed: 0x80000006
[2026-04-26 15:44:32.658] [warning] MV_CC_StopGrabbing failed: 0x80000000
[2026-04-26 15:44:32.788] [info] Reset usb successfully :)
[2026-04-26 15:44:32.789] [warning] MV_CC_EnumDevices failed: 0x80000006
[2026-04-26 15:44:32.889] [warning] MV_CC_StopGrabbing failed: 0x80000000
[2026-04-26 15:44:33.020] [info] Reset usb successfully :)
[2026-04-26 15:44:33.020] [warning] MV_CC_EnumDevices failed: 0x80000006
[2026-04-26 15:44:33.120] [warning] MV_CC_StopGrabbing failed: 0x80000000
[2026-04-26 15:44:33.250] [info] Reset usb successfully :)
[2026-04-26 15:44:33.251] [warning] MV_CC_EnumDevices failed: 0x80000006
[2026-04-26 15:44:33.351] [warning] MV_CC_StopGrabbing failed: 0x80000000
[2026-04-26 15:44:33.481] [info] Reset usb successfully :)
[2026-04-26 15:44:33.482] [warning] MV_CC_EnumDevices failed: 0x80000006
[2026-04-26 15:44:33.582] [warning] MV_CC_StopGrabbing failed: 0x80000000
[2026-04-26 15:44:33.712] [info] Reset usb successfully :)
[2026-04-26 15:44:33.713] [warning] MV_CC_EnumDevices failed: 0x80000006
[2026-04-26 15:44:33.814] [warning] MV_CC_StopGrabbing failed: 0x80000000
[2026-04-26 15:44:33.945] [info] Reset usb successfully :)
[2026-04-26 15:44:33.945] [warning] MV_CC_EnumDevices failed: 0x80000006
[2026-04-26 15:44:34.045] [warning] MV_CC_StopGrabbing failed: 0x80000000
[2026-04-26 15:44:34.175] [info] Reset usb successfully :)
[2026-04-26 15:44:34.175] [warning] MV_CC_EnumDevices failed: 0x80000006
[2026-04-26 15:44:34.275] [warning] MV_CC_StopGrabbing failed: 0x80000000
[2026-04-26 15:44:34.404] [info] Reset usb successfully :)
[2026-04-26 15:44:34.404] [warning] MV_CC_EnumDevices failed: 0x80000006
[2026-04-26 15:44:34.505] [warning] MV_CC_StopGrabbing failed: 0x80000000
[2026-04-26 15:44:34.633] [info] Reset usb successfully :)
[2026-04-26 15:44:34.633] [warning] MV_CC_EnumDevices failed: 0x80000006
[2026-04-26 15:44:34.734] [warning] MV_CC_StopGrabbing failed: 0x80000000
[2026-04-26 15:44:34.862] [info] Reset usb successfully :)
[2026-04-26 15:44:34.863] [warning] MV_CC_EnumDevices failed: 0x80000006
[2026-04-26 15:44:34.963] [warning] MV_CC_StopGrabbing failed: 0x80000000
[2026-04-26 15:44:35.092] [info] Reset usb successfully :)
[2026-04-26 15:44:35.093] [warning] MV_CC_EnumDevices failed: 0x80000006
[2026-04-26 15:44:35.193] [warning] MV_CC_StopGrabbing failed: 0x80000000
[2026-04-26 15:44:35.322] [info] Reset usb successfully :)
[2026-04-26 15:44:35.322] [warning] MV_CC_EnumDevices failed: 0x80000006
[2026-04-26 15:44:35.422] [warning] MV_CC_StopGrabbing failed: 0x80000000
[2026-04-26 15:44:35.551] [info] Reset usb successfully :)
[2026-04-26 15:44:35.552] [warning] MV_CC_EnumDevices failed: 0x80000006
[2026-04-26 15:44:35.652] [warning] MV_CC_StopGrabbing failed: 0x80000000
[2026-04-26 15:44:35.781] [info] Reset usb successfully :)
[2026-04-26 15:44:35.781] [warning] MV_CC_EnumDevices failed: 0x80000006
[2026-04-26 15:44:35.882] [warning] MV_CC_StopGrabbing failed: 0x80000000
[2026-04-26 15:44:36.011] [info] Reset usb successfully :)
[2026-04-26 15:44:36.012] [warning] MV_CC_EnumDevices failed: 0x80000006
[2026-04-26 15:44:36.112] [warning] MV_CC_StopGrabbing failed: 0x80000000
[2026-04-26 15:44:36.242] [info] Reset usb successfully :)
[2026-04-26 15:44:36.242] [warning] MV_CC_EnumDevices failed: 0x80000006
[2026-04-26 15:44:36.342] [warning] MV_CC_StopGrabbing failed: 0x80000000
[2026-04-26 15:44:36.473] [info] Reset usb successfully :)
[2026-04-26 15:44:36.473] [warning] MV_CC_EnumDevices failed: 0x80000006
[2026-04-26 15:44:36.573] [warning] MV_CC_StopGrabbing failed: 0x80000000
[2026-04-26 15:44:36.704] [info] Reset usb successfully :)
[2026-04-26 15:44:36.704] [warning] MV_CC_EnumDevices failed: 0x80000006
[2026-04-26 15:44:36.804] [warning] MV_CC_StopGrabbing failed: 0x80000000
[2026-04-26 15:44:36.935] [info] Reset usb successfully :)
[2026-04-26 15:44:36.935] [warning] MV_CC_EnumDevices failed: 0x80000006
[2026-04-26 15:44:37.035] [warning] MV_CC_StopGrabbing failed: 0x80000000
[2026-04-26 15:44:37.164] [info] Reset usb successfully :)
[2026-04-26 15:44:37.164] [warning] MV_CC_EnumDevices failed: 0x80000006
[2026-04-26 15:44:37.264] [warning] MV_CC_StopGrabbing failed: 0x80000000
[2026-04-26 15:44:37.393] [info] Reset usb successfully :)
[2026-04-26 15:44:37.394] [warning] MV_CC_EnumDevices failed: 0x80000006
[2026-04-26 15:44:37.494] [warning] MV_CC_StopGrabbing failed: 0x80000000
[2026-04-26 15:44:37.623] [info] Reset usb successfully :)
[2026-04-26 15:44:37.623] [warning] MV_CC_EnumDevices failed: 0x80000006
[2026-04-26 15:44:37.724] [warning] MV_CC_StopGrabbing failed: 0x80000000
[2026-04-26 15:44:37.853] [info] Reset usb successfully :)
[2026-04-26 15:44:37.854] [warning] MV_CC_EnumDevices failed: 0x80000006
[2026-04-26 15:44:37.954] [warning] MV_CC_StopGrabbing failed: 0x80000000
[2026-04-26 15:44:38.084] [info] Reset usb successfully :)
[2026-04-26 15:44:38.084] [warning] MV_CC_EnumDevices failed: 0x80000006
[2026-04-26 15:44:38.184] [warning] MV_CC_StopGrabbing failed: 0x80000000
[2026-04-26 15:44:38.315] [info] Reset usb successfully :)
[2026-04-26 15:44:38.316] [warning] MV_CC_EnumDevices failed: 0x80000006
[2026-04-26 15:44:38.416] [warning] MV_CC_StopGrabbing failed: 0x80000000
[2026-04-26 15:44:38.545] [info] Reset usb successfully :)
[2026-04-26 15:44:38.545] [warning] MV_CC_EnumDevices failed: 0x80000006
[2026-04-26 15:44:38.646] [warning] MV_CC_StopGrabbing failed: 0x80000000
[2026-04-26 15:44:38.774] [info] Reset usb successfully :)
[2026-04-26 15:44:38.774] [warning] MV_CC_EnumDevices failed: 0x80000006
[2026-04-26 15:44:38.874] [warning] MV_CC_StopGrabbing failed: 0x80000000
[2026-04-26 15:44:39.004] [info] Reset usb successfully :)
[2026-04-26 15:44:39.004] [warning] MV_CC_EnumDevices failed: 0x80000006
[2026-04-26 15:44:39.104] [warning] MV_CC_StopGrabbing failed: 0x80000000
[2026-04-26 15:44:39.233] [info] Reset usb successfully :)
[2026-04-26 15:44:39.233] [warning] MV_CC_EnumDevices failed: 0x80000006
[2026-04-26 15:44:39.334] [warning] MV_CC_StopGrabbing failed: 0x80000000
[2026-04-26 15:44:39.463] [info] Reset usb successfully :)
[2026-04-26 15:44:39.463] [warning] MV_CC_EnumDevices failed: 0x80000006
[2026-04-26 15:44:39.563] [warning] MV_CC_StopGrabbing failed: 0x80000000
[2026-04-26 15:44:39.693] [info] Reset usb successfully :)
[2026-04-26 15:44:39.693] [warning] MV_CC_EnumDevices failed: 0x80000006
[2026-04-26 15:44:39.794] [warning] MV_CC_StopGrabbing failed: 0x80000000
[2026-04-26 15:44:39.925] [info] Reset usb successfully :)
[2026-04-26 15:44:39.926] [warning] MV_CC_EnumDevices failed: 0x80000006
[2026-04-26 15:44:40.026] [warning] MV_CC_StopGrabbing failed: 0x80000000
[2026-04-26 15:44:40.157] [info] Reset usb successfully :)
[2026-04-26 15:44:40.157] [warning] MV_CC_EnumDevices failed: 0x80000006
[2026-04-26 15:44:40.258] [warning] MV_CC_StopGrabbing failed: 0x80000000
[2026-04-26 15:44:40.387] [info] Reset usb successfully :)
[2026-04-26 15:44:40.388] [warning] MV_CC_EnumDevices failed: 0x80000006
[2026-04-26 15:44:40.488] [warning] MV_CC_StopGrabbing failed: 0x80000000
[2026-04-26 15:44:40.618] [info] Reset usb successfully :)
[2026-04-26 15:44:40.618] [warning] MV_CC_EnumDevices failed: 0x80000006
[2026-04-26 15:44:40.718] [warning] MV_CC_StopGrabbing failed: 0x80000000
[2026-04-26 15:44:40.850] [info] Reset usb successfully :)
[2026-04-26 15:44:40.850] [warning] MV_CC_EnumDevices failed: 0x80000006
[2026-04-26 15:44:40.950] [warning] MV_CC_StopGrabbing failed: 0x80000000
[2026-04-26 15:44:41.081] [info] Reset usb successfully :)
[2026-04-26 15:44:41.081] [warning] MV_CC_EnumDevices failed: 0x80000006
[2026-04-26 15:44:41.182] [warning] MV_CC_StopGrabbing failed: 0x80000000
[2026-04-26 15:44:41.312] [info] Reset usb successfully :)
[2026-04-26 15:44:41.312] [warning] MV_CC_EnumDevices failed: 0x80000006
[2026-04-26 15:44:41.412] [warning] MV_CC_StopGrabbing failed: 0x80000000
[2026-04-26 15:44:41.541] [info] Reset usb successfully :)
[2026-04-26 15:44:41.541] [warning] MV_CC_EnumDevices failed: 0x80000006
[2026-04-26 15:44:41.641] [warning] MV_CC_StopGrabbing failed: 0x80000000
[2026-04-26 15:44:41.771] [info] Reset usb successfully :)
[2026-04-26 15:44:41.771] [warning] MV_CC_EnumDevices failed: 0x80000006
[2026-04-26 15:44:41.871] [warning] MV_CC_StopGrabbing failed: 0x80000000
[2026-04-26 15:44:42.002] [info] Reset usb successfully :)
[2026-04-26 15:44:42.002] [warning] MV_CC_EnumDevices failed: 0x80000006
[2026-04-26 15:44:42.102] [warning] MV_CC_StopGrabbing failed: 0x80000000
[2026-04-26 15:44:42.231] [info] Reset usb successfully :)
[2026-04-26 15:44:42.231] [warning] MV_CC_EnumDevices failed: 0x80000006
[2026-04-26 15:44:42.331] [warning] MV_CC_StopGrabbing failed: 0x80000000
[2026-04-26 15:44:42.460] [info] Reset usb successfully :)
[2026-04-26 15:44:42.461] [warning] MV_CC_EnumDevices failed: 0x80000006
[2026-04-26 15:44:42.561] [warning] MV_CC_StopGrabbing failed: 0x80000000
[2026-04-26 15:44:42.692] [info] Reset usb successfully :)
[2026-04-26 15:44:42.692] [warning] MV_CC_EnumDevices failed: 0x80000006
[2026-04-26 15:44:42.792] [warning] MV_CC_StopGrabbing failed: 0x80000000
[2026-04-26 15:44:42.923] [info] Reset usb successfully :)
[2026-04-26 15:44:42.923] [warning] MV_CC_EnumDevices failed: 0x80000006
[2026-04-26 15:44:43.023] [warning] MV_CC_StopGrabbing failed: 0x80000000
[2026-04-26 15:44:43.153] [info] Reset usb successfully :)
[2026-04-26 15:44:43.153] [warning] MV_CC_EnumDevices failed: 0x80000006
[2026-04-26 15:44:43.253] [warning] MV_CC_StopGrabbing failed: 0x80000000
[2026-04-26 15:44:43.383] [info] Reset usb successfully :)
[2026-04-26 15:44:43.383] [warning] MV_CC_EnumDevices failed: 0x80000006
[2026-04-26 15:44:43.483] [warning] MV_CC_StopGrabbing failed: 0x80000000
[2026-04-26 15:44:43.612] [info] Reset usb successfully :)
[2026-04-26 15:44:43.612] [warning] MV_CC_EnumDevices failed: 0x80000006
[2026-04-26 15:44:43.712] [warning] MV_CC_StopGrabbing failed: 0x80000000
[2026-04-26 15:44:43.841] [info] Reset usb successfully :)
[2026-04-26 15:44:43.841] [warning] MV_CC_EnumDevices failed: 0x80000006
[2026-04-26 15:44:43.941] [warning] MV_CC_StopGrabbing failed: 0x80000000
[2026-04-26 15:44:44.070] [info] Reset usb successfully :)
[2026-04-26 15:44:44.070] [warning] MV_CC_EnumDevices failed: 0x80000006
[2026-04-26 15:44:44.170] [warning] MV_CC_StopGrabbing failed: 0x80000000
[2026-04-26 15:44:44.300] [info] Reset usb successfully :)
[2026-04-26 15:44:44.300] [warning] MV_CC_EnumDevices failed: 0x80000006
[2026-04-26 15:44:44.400] [warning] MV_CC_StopGrabbing failed: 0x80000000
[2026-04-26 15:44:44.530] [info] Reset usb successfully :)
[2026-04-26 15:44:44.530] [warning] MV_CC_EnumDevices failed: 0x80000006
[2026-04-26 15:44:44.630] [warning] MV_CC_StopGrabbing failed: 0x80000000
[2026-04-26 15:44:44.760] [info] Reset usb successfully :)
[2026-04-26 15:44:44.760] [warning] MV_CC_EnumDevices failed: 0x80000006
[2026-04-26 15:44:44.860] [warning] MV_CC_StopGrabbing failed: 0x80000000
[2026-04-26 15:44:44.991] [info] Reset usb successfully :)
[2026-04-26 15:44:44.991] [warning] MV_CC_EnumDevices failed: 0x80000006
[2026-04-26 15:44:45.091] [warning] MV_CC_StopGrabbing failed: 0x80000000
[2026-04-26 15:44:45.220] [info] Reset usb successfully :)
[2026-04-26 15:44:45.220] [warning] MV_CC_EnumDevices failed: 0x80000006
[2026-04-26 15:44:45.320] [warning] MV_CC_StopGrabbing failed: 0x80000000
[2026-04-26 15:44:45.449] [info] Reset usb successfully :)
[2026-04-26 15:44:45.449] [warning] MV_CC_EnumDevices failed: 0x80000006
[2026-04-26 15:44:45.549] [warning] MV_CC_StopGrabbing failed: 0x80000000
[2026-04-26 15:44:45.679] [info] Reset usb successfully :)
[2026-04-26 15:44:45.680] [warning] MV_CC_EnumDevices failed: 0x80000006
[2026-04-26 15:44:45.780] [warning] MV_CC_StopGrabbing failed: 0x80000000
[2026-04-26 15:44:45.910] [info] Reset usb successfully :)
[2026-04-26 15:44:45.910] [warning] MV_CC_EnumDevices failed: 0x80000006
[2026-04-26 15:44:46.010] [warning] MV_CC_StopGrabbing failed: 0x80000000
[2026-04-26 15:44:46.139] [info] Reset usb successfully :)
[2026-04-26 15:44:46.139] [warning] MV_CC_EnumDevices failed: 0x80000006
[2026-04-26 15:44:46.239] [warning] MV_CC_StopGrabbing failed: 0x80000000
[2026-04-26 15:44:46.369] [info] Reset usb successfully :)
[2026-04-26 15:44:46.369] [warning] MV_CC_EnumDevices failed: 0x80000006
[2026-04-26 15:44:46.469] [warning] MV_CC_StopGrabbing failed: 0x80000000
[2026-04-26 15:44:46.599] [info] Reset usb successfully :)
[2026-04-26 15:44:46.599] [warning] MV_CC_EnumDevices failed: 0x80000006
[2026-04-26 15:44:46.699] [warning] MV_CC_StopGrabbing failed: 0x80000000
[2026-04-26 15:44:46.829] [info] Reset usb successfully :)
[2026-04-26 15:44:46.829] [warning] MV_CC_EnumDevices failed: 0x80000006
[2026-04-26 15:44:46.929] [warning] MV_CC_StopGrabbing failed: 0x80000000
[2026-04-26 15:44:47.059] [info] Reset usb successfully :)
[2026-04-26 15:44:47.059] [warning] MV_CC_EnumDevices failed: 0x80000006
[2026-04-26 15:44:47.159] [warning] MV_CC_StopGrabbing failed: 0x80000000
[2026-04-26 15:44:47.289] [info] Reset usb successfully :)
[2026-04-26 15:44:47.290] [warning] MV_CC_EnumDevices failed: 0x80000006
[2026-04-26 15:44:47.390] [warning] MV_CC_StopGrabbing failed: 0x80000000
[2026-04-26 15:44:47.519] [info] Reset usb successfully :)
[2026-04-26 15:44:47.520] [warning] MV_CC_EnumDevices failed: 0x80000006
[2026-04-26 15:44:47.620] [warning] MV_CC_StopGrabbing failed: 0x80000000
[2026-04-26 15:44:47.750] [info] Reset usb successfully :)
[2026-04-26 15:44:47.750] [warning] MV_CC_EnumDevices failed: 0x80000006
[2026-04-26 15:44:47.850] [warning] MV_CC_StopGrabbing failed: 0x80000000
[2026-04-26 15:44:47.980] [info] Reset usb successfully :)
[2026-04-26 15:44:47.980] [warning] MV_CC_EnumDevices failed: 0x80000006
[2026-04-26 15:44:48.081] [warning] MV_CC_StopGrabbing failed: 0x80000000
[2026-04-26 15:44:48.209] [info] Reset usb successfully :)
[2026-04-26 15:44:48.210] [warning] MV_CC_EnumDevices failed: 0x80000006
[2026-04-26 15:44:48.310] [warning] MV_CC_StopGrabbing failed: 0x80000000
[2026-04-26 15:44:48.439] [info] Reset usb successfully :)
[2026-04-26 15:44:48.440] [warning] MV_CC_EnumDevices failed: 0x80000006
[2026-04-26 15:44:48.540] [warning] MV_CC_StopGrabbing failed: 0x80000000
[2026-04-26 15:44:48.669] [info] Reset usb successfully :)
[2026-04-26 15:44:48.669] [warning] MV_CC_EnumDevices failed: 0x80000006
[2026-04-26 15:44:48.770] [warning] MV_CC_StopGrabbing failed: 0x80000000
[2026-04-26 15:44:48.900] [info] Reset usb successfully :)
[2026-04-26 15:44:48.900] [warning] MV_CC_EnumDevices failed: 0x80000006
[2026-04-26 15:44:49.001] [warning] MV_CC_StopGrabbing failed: 0x80000000
[2026-04-26 15:44:49.130] [info] Reset usb successfully :)
[2026-04-26 15:44:49.130] [warning] MV_CC_EnumDevices failed: 0x80000006
[2026-04-26 15:44:49.230] [warning] MV_CC_StopGrabbing failed: 0x80000000
[2026-04-26 15:44:49.360] [info] Reset usb successfully :)
[2026-04-26 15:44:49.360] [warning] MV_CC_EnumDevices failed: 0x80000006
[2026-04-26 15:44:49.461] [warning] MV_CC_StopGrabbing failed: 0x80000000
[2026-04-26 15:44:49.590] [info] Reset usb successfully :)
[2026-04-26 15:44:49.590] [warning] MV_CC_EnumDevices failed: 0x80000006
[2026-04-26 15:44:49.690] [warning] MV_CC_StopGrabbing failed: 0x80000000
[2026-04-26 15:44:49.819] [info] Reset usb successfully :)
[2026-04-26 15:44:49.820] [warning] MV_CC_EnumDevices failed: 0x80000006
[2026-04-26 15:44:49.920] [warning] MV_CC_StopGrabbing failed: 0x80000000
[2026-04-26 15:44:50.048] [info] Reset usb successfully :)
[2026-04-26 15:44:50.048] [warning] MV_CC_EnumDevices failed: 0x80000006
[2026-04-26 15:44:50.149] [warning] MV_CC_StopGrabbing failed: 0x80000000
[2026-04-26 15:44:50.278] [info] Reset usb successfully :)
[2026-04-26 15:44:50.278] [warning] MV_CC_EnumDevices failed: 0x80000006
[2026-04-26 15:44:50.378] [warning] MV_CC_StopGrabbing failed: 0x80000000
[2026-04-26 15:44:50.508] [info] Reset usb successfully :)
[2026-04-26 15:44:50.509] [warning] MV_CC_EnumDevices failed: 0x80000006
[2026-04-26 15:44:50.609] [warning] MV_CC_StopGrabbing failed: 0x80000000
[2026-04-26 15:44:50.738] [info] Reset usb successfully :)
[2026-04-26 15:44:50.738] [warning] MV_CC_EnumDevices failed: 0x80000006
[2026-04-26 15:44:50.838] [warning] MV_CC_StopGrabbing failed: 0x80000000
[2026-04-26 15:44:50.967] [info] Reset usb successfully :)
[2026-04-26 15:44:50.967] [warning] MV_CC_EnumDevices failed: 0x80000006
[2026-04-26 15:44:51.067] [warning] MV_CC_StopGrabbing failed: 0x80000000
[2026-04-26 15:44:51.196] [info] Reset usb successfully :)
[2026-04-26 15:44:51.196] [warning] MV_CC_EnumDevices failed: 0x80000006
[2026-04-26 15:44:51.296] [warning] MV_CC_StopGrabbing failed: 0x80000000
[2026-04-26 15:44:51.425] [info] Reset usb successfully :)
[2026-04-26 15:44:51.425] [warning] MV_CC_EnumDevices failed: 0x80000006
[2026-04-26 15:44:51.525] [warning] MV_CC_StopGrabbing failed: 0x80000000
[2026-04-26 15:44:51.654] [info] Reset usb successfully :)
[2026-04-26 15:44:51.655] [warning] MV_CC_EnumDevices failed: 0x80000006
[2026-04-26 15:44:51.755] [warning] MV_CC_StopGrabbing failed: 0x80000000
[2026-04-26 15:44:51.885] [info] Reset usb successfully :)
[2026-04-26 15:44:51.885] [warning] MV_CC_EnumDevices failed: 0x80000006
[2026-04-26 15:44:51.985] [warning] MV_CC_StopGrabbing failed: 0x80000000
[2026-04-26 15:44:52.114] [info] Reset usb successfully :)
[2026-04-26 15:44:52.115] [warning] MV_CC_EnumDevices failed: 0x80000006
[2026-04-26 15:44:52.215] [warning] MV_CC_StopGrabbing failed: 0x80000000
[2026-04-26 15:44:52.344] [info] Reset usb successfully :)
[2026-04-26 15:44:52.344] [warning] MV_CC_EnumDevices failed: 0x80000006
[2026-04-26 15:44:52.445] [warning] MV_CC_StopGrabbing failed: 0x80000000
[2026-04-26 15:44:52.573] [info] Reset usb successfully :)
[2026-04-26 15:44:52.573] [warning] MV_CC_EnumDevices failed: 0x80000006
[2026-04-26 15:44:52.673] [warning] MV_CC_StopGrabbing failed: 0x80000000
[2026-04-26 15:44:52.802] [info] Reset usb successfully :)
[2026-04-26 15:44:52.802] [warning] MV_CC_EnumDevices failed: 0x80000006
[2026-04-26 15:44:52.902] [warning] MV_CC_StopGrabbing failed: 0x80000000
[2026-04-26 15:44:53.032] [info] Reset usb successfully :)
[2026-04-26 15:44:53.032] [warning] MV_CC_EnumDevices failed: 0x80000006
[2026-04-26 15:44:53.132] [warning] MV_CC_StopGrabbing failed: 0x80000000
[2026-04-26 15:44:53.261] [info] Reset usb successfully :)
[2026-04-26 15:44:53.261] [warning] MV_CC_EnumDevices failed: 0x80000006
[2026-04-26 15:44:53.361] [warning] MV_CC_StopGrabbing failed: 0x80000000
[2026-04-26 15:44:53.490] [info] Reset usb successfully :)
[2026-04-26 15:44:53.490] [warning] MV_CC_EnumDevices failed: 0x80000006
[2026-04-26 15:44:53.591] [warning] MV_CC_StopGrabbing failed: 0x80000000
[2026-04-26 15:44:53.721] [info] Reset usb successfully :)
[2026-04-26 15:44:53.722] [warning] MV_CC_EnumDevices failed: 0x80000006
[2026-04-26 15:44:53.822] [warning] MV_CC_StopGrabbing failed: 0x80000000
[2026-04-26 15:44:53.952] [info] Reset usb successfully :)
[2026-04-26 15:44:53.952] [warning] MV_CC_EnumDevices failed: 0x80000006
[2026-04-26 15:44:54.052] [warning] MV_CC_StopGrabbing failed: 0x80000000
[2026-04-26 15:44:54.181] [info] Reset usb successfully :)
[2026-04-26 15:44:54.182] [warning] MV_CC_EnumDevices failed: 0x80000006
[2026-04-26 15:44:54.282] [warning] MV_CC_StopGrabbing failed: 0x80000000
[2026-04-26 15:44:54.412] [info] Reset usb successfully :)
[2026-04-26 15:44:54.412] [warning] MV_CC_EnumDevices failed: 0x80000006
[2026-04-26 15:44:54.512] [warning] MV_CC_StopGrabbing failed: 0x80000000
[2026-04-26 15:44:54.642] [info] Reset usb successfully :)
[2026-04-26 15:44:54.642] [warning] MV_CC_EnumDevices failed: 0x80000006
[2026-04-26 15:44:54.742] [warning] MV_CC_StopGrabbing failed: 0x80000000
[2026-04-26 15:44:54.871] [info] Reset usb successfully :)
[2026-04-26 15:44:54.871] [warning] MV_CC_EnumDevices failed: 0x80000006
[2026-04-26 15:44:54.971] [warning] MV_CC_StopGrabbing failed: 0x80000000
[2026-04-26 15:44:55.100] [info] Reset usb successfully :)
[2026-04-26 15:44:55.100] [warning] MV_CC_EnumDevices failed: 0x80000006
[2026-04-26 15:44:55.201] [warning] MV_CC_StopGrabbing failed: 0x80000000
[2026-04-26 15:44:55.330] [info] Reset usb successfully :)
[2026-04-26 15:44:55.330] [warning] MV_CC_EnumDevices failed: 0x80000006
[2026-04-26 15:44:55.430] [warning] MV_CC_StopGrabbing failed: 0x80000000
[2026-04-26 15:44:55.560] [info] Reset usb successfully :)
[2026-04-26 15:44:55.560] [warning] MV_CC_EnumDevices failed: 0x80000006
[2026-04-26 15:44:55.660] [warning] MV_CC_StopGrabbing failed: 0x80000000
[2026-04-26 15:44:55.791] [info] Reset usb successfully :)
[2026-04-26 15:44:55.791] [warning] MV_CC_EnumDevices failed: 0x80000006
[2026-04-26 15:44:55.891] [warning] MV_CC_StopGrabbing failed: 0x80000000
[2026-04-26 15:44:56.020] [info] Reset usb successfully :)
[2026-04-26 15:44:56.020] [warning] MV_CC_EnumDevices failed: 0x80000006
[2026-04-26 15:44:56.121] [warning] MV_CC_StopGrabbing failed: 0x80000000
[2026-04-26 15:44:56.249] [info] Reset usb successfully :)
[2026-04-26 15:44:56.249] [warning] MV_CC_EnumDevices failed: 0x80000006
[2026-04-26 15:44:56.350] [warning] MV_CC_StopGrabbing failed: 0x80000000
[2026-04-26 15:44:56.479] [info] Reset usb successfully :)
[2026-04-26 15:44:56.479] [warning] MV_CC_EnumDevices failed: 0x80000006
[2026-04-26 15:44:56.579] [warning] MV_CC_StopGrabbing failed: 0x80000000
[2026-04-26 15:44:56.708] [info] Reset usb successfully :)
[2026-04-26 15:44:56.708] [warning] MV_CC_EnumDevices failed: 0x80000006
[2026-04-26 15:44:56.808] [warning] MV_CC_StopGrabbing failed: 0x80000000
[2026-04-26 15:44:56.938] [info] Reset usb successfully :)
[2026-04-26 15:44:56.938] [warning] MV_CC_EnumDevices failed: 0x80000006
[2026-04-26 15:44:57.038] [warning] MV_CC_StopGrabbing failed: 0x80000000
[2026-04-26 15:44:57.168] [info] Reset usb successfully :)
[2026-04-26 15:44:57.168] [warning] MV_CC_EnumDevices failed: 0x80000006
[2026-04-26 15:44:57.268] [warning] MV_CC_StopGrabbing failed: 0x80000000
[2026-04-26 15:44:57.397] [info] Reset usb successfully :)
[2026-04-26 15:44:57.397] [warning] MV_CC_EnumDevices failed: 0x80000006
[2026-04-26 15:44:57.497] [warning] MV_CC_StopGrabbing failed: 0x80000000
[2026-04-26 15:44:57.627] [info] Reset usb successfully :)
[2026-04-26 15:44:57.627] [warning] MV_CC_EnumDevices failed: 0x80000006
[2026-04-26 15:44:57.727] [warning] MV_CC_StopGrabbing failed: 0x80000000
[2026-04-26 15:44:57.857] [info] Reset usb successfully :)
[2026-04-26 15:44:57.858] [warning] MV_CC_EnumDevices failed: 0x80000006
[2026-04-26 15:44:57.958] [warning] MV_CC_StopGrabbing failed: 0x80000000
[2026-04-26 15:44:58.087] [info] Reset usb successfully :)
[2026-04-26 15:44:58.087] [warning] MV_CC_EnumDevices failed: 0x80000006
[2026-04-26 15:44:58.188] [warning] MV_CC_StopGrabbing failed: 0x80000000
[2026-04-26 15:44:58.318] [info] Reset usb successfully :)
[2026-04-26 15:44:58.318] [warning] MV_CC_EnumDevices failed: 0x80000006
[2026-04-26 15:44:58.418] [warning] MV_CC_StopGrabbing failed: 0x80000000
[2026-04-26 15:44:58.548] [info] Reset usb successfully :)
[2026-04-26 15:44:58.548] [warning] MV_CC_EnumDevices failed: 0x80000006
[2026-04-26 15:44:58.649] [warning] MV_CC_StopGrabbing failed: 0x80000000
[2026-04-26 15:44:58.777] [info] Reset usb successfully :)
[2026-04-26 15:44:58.777] [warning] MV_CC_EnumDevices failed: 0x80000006
[2026-04-26 15:44:58.877] [warning] MV_CC_StopGrabbing failed: 0x80000000
[2026-04-26 15:44:59.007] [info] Reset usb successfully :)
[2026-04-26 15:44:59.007] [warning] MV_CC_EnumDevices failed: 0x80000006
[2026-04-26 15:44:59.107] [warning] MV_CC_StopGrabbing failed: 0x80000000
[2026-04-26 15:44:59.237] [info] Reset usb successfully :)
[2026-04-26 15:44:59.237] [warning] MV_CC_EnumDevices failed: 0x80000006
[2026-04-26 15:44:59.337] [warning] MV_CC_StopGrabbing failed: 0x80000000
[2026-04-26 15:44:59.469] [info] Reset usb successfully :)
[2026-04-26 15:44:59.469] [warning] MV_CC_EnumDevices failed: 0x80000006
[2026-04-26 15:44:59.569] [warning] MV_CC_StopGrabbing failed: 0x80000000
[2026-04-26 15:44:59.699] [info] Reset usb successfully :)
[2026-04-26 15:44:59.699] [warning] MV_CC_EnumDevices failed: 0x80000006
[2026-04-26 15:44:59.799] [warning] MV_CC_StopGrabbing failed: 0x80000000
[2026-04-26 15:44:59.928] [info] Reset usb successfully :)
[2026-04-26 15:44:59.928] [warning] MV_CC_EnumDevices failed: 0x80000006
[2026-04-26 15:45:00.028] [warning] MV_CC_StopGrabbing failed: 0x80000000
[2026-04-26 15:45:00.158] [info] Reset usb successfully :)
[2026-04-26 15:45:00.159] [warning] MV_CC_EnumDevices failed: 0x80000006
[2026-04-26 15:45:00.259] [warning] MV_CC_StopGrabbing failed: 0x80000000
[2026-04-26 15:45:00.389] [info] Reset usb successfully :)
[2026-04-26 15:45:00.389] [warning] MV_CC_EnumDevices failed: 0x80000006
[2026-04-26 15:45:00.489] [warning] MV_CC_StopGrabbing failed: 0x80000000
[2026-04-26 15:45:00.618] [info] Reset usb successfully :)
[2026-04-26 15:45:00.619] [warning] MV_CC_EnumDevices failed: 0x80000006
[2026-04-26 15:45:00.719] [warning] MV_CC_StopGrabbing failed: 0x80000000
[2026-04-26 15:45:00.849] [info] Reset usb successfully :)
[2026-04-26 15:45:00.849] [warning] MV_CC_EnumDevices failed: 0x80000006
[2026-04-26 15:45:00.949] [warning] MV_CC_StopGrabbing failed: 0x80000000
[2026-04-26 15:45:01.079] [info] Reset usb successfully :)
[2026-04-26 15:45:01.079] [warning] MV_CC_EnumDevices failed: 0x80000006
[2026-04-26 15:45:01.179] [warning] MV_CC_StopGrabbing failed: 0x80000000
[2026-04-26 15:45:01.309] [info] Reset usb successfully :)
[2026-04-26 15:45:01.310] [warning] MV_CC_EnumDevices failed: 0x80000006
[2026-04-26 15:45:01.410] [warning] MV_CC_StopGrabbing failed: 0x80000000
[2026-04-26 15:45:01.539] [info] Reset usb successfully :)
[2026-04-26 15:45:01.540] [warning] MV_CC_EnumDevices failed: 0x80000006
[2026-04-26 15:45:01.640] [warning] MV_CC_StopGrabbing failed: 0x80000000
[2026-04-26 15:45:01.769] [info] Reset usb successfully :)
[2026-04-26 15:45:01.770] [warning] MV_CC_EnumDevices failed: 0x80000006
[2026-04-26 15:45:01.870] [warning] MV_CC_StopGrabbing failed: 0x80000000
[2026-04-26 15:45:02.001] [info] Reset usb successfully :)
[2026-04-26 15:45:02.001] [warning] MV_CC_EnumDevices failed: 0x80000006
[2026-04-26 15:45:02.101] [warning] MV_CC_StopGrabbing failed: 0x80000000
[2026-04-26 15:45:02.230] [info] Reset usb successfully :)
[2026-04-26 15:45:02.230] [warning] MV_CC_EnumDevices failed: 0x80000006
[2026-04-26 15:45:02.330] [warning] MV_CC_StopGrabbing failed: 0x80000000
[2026-04-26 15:45:02.460] [info] Reset usb successfully :)
[2026-04-26 15:45:02.460] [warning] MV_CC_EnumDevices failed: 0x80000006
[2026-04-26 15:45:02.560] [warning] MV_CC_StopGrabbing failed: 0x80000000
[2026-04-26 15:45:02.690] [info] Reset usb successfully :)
[2026-04-26 15:45:02.690] [warning] MV_CC_EnumDevices failed: 0x80000006
[2026-04-26 15:45:02.790] [warning] MV_CC_StopGrabbing failed: 0x80000000
[2026-04-26 15:45:02.920] [info] Reset usb successfully :)
[2026-04-26 15:45:02.920] [warning] MV_CC_EnumDevices failed: 0x80000006
[2026-04-26 15:45:03.020] [warning] MV_CC_StopGrabbing failed: 0x80000000
[2026-04-26 15:45:03.149] [info] Reset usb successfully :)
[2026-04-26 15:45:03.150] [warning] MV_CC_EnumDevices failed: 0x80000006
[2026-04-26 15:45:03.250] [warning] MV_CC_StopGrabbing failed: 0x80000000
[2026-04-26 15:45:03.379] [info] Reset usb successfully :)
[2026-04-26 15:45:03.380] [warning] MV_CC_EnumDevices failed: 0x80000006
[2026-04-26 15:45:03.480] [warning] MV_CC_StopGrabbing failed: 0x80000000
[2026-04-26 15:45:03.610] [info] Reset usb successfully :)
[2026-04-26 15:45:03.611] [warning] MV_CC_EnumDevices failed: 0x80000006
[2026-04-26 15:45:03.711] [warning] MV_CC_StopGrabbing failed: 0x80000000
[2026-04-26 15:45:03.840] [info] Reset usb successfully :)
[2026-04-26 15:45:03.841] [warning] MV_CC_EnumDevices failed: 0x80000006
[2026-04-26 15:45:03.941] [warning] MV_CC_StopGrabbing failed: 0x80000000
[2026-04-26 15:45:04.071] [info] Reset usb successfully :)
[2026-04-26 15:45:04.071] [warning] MV_CC_EnumDevices failed: 0x80000006
[2026-04-26 15:45:04.171] [warning] MV_CC_StopGrabbing failed: 0x80000000
[2026-04-26 15:45:04.300] [info] Reset usb successfully :)
[2026-04-26 15:45:04.300] [warning] MV_CC_EnumDevices failed: 0x80000006
[2026-04-26 15:45:04.401] [warning] MV_CC_StopGrabbing failed: 0x80000000
[2026-04-26 15:45:04.531] [info] Reset usb successfully :)
[2026-04-26 15:45:04.531] [warning] MV_CC_EnumDevices failed: 0x80000006
[2026-04-26 15:45:04.631] [warning] MV_CC_StopGrabbing failed: 0x80000000
[2026-04-26 15:45:04.761] [info] Reset usb successfully :)
[2026-04-26 15:45:04.761] [warning] MV_CC_EnumDevices failed: 0x80000006
[2026-04-26 15:45:04.861] [warning] MV_CC_StopGrabbing failed: 0x80000000
[2026-04-26 15:45:04.991] [info] Reset usb successfully :)
[2026-04-26 15:45:04.992] [warning] MV_CC_EnumDevices failed: 0x80000006
[2026-04-26 15:45:05.093] [warning] MV_CC_StopGrabbing failed: 0x80000000
[2026-04-26 15:45:05.222] [info] Reset usb successfully :)
[2026-04-26 15:45:05.222] [warning] MV_CC_EnumDevices failed: 0x80000006
[2026-04-26 15:45:05.322] [warning] MV_CC_StopGrabbing failed: 0x80000000
[2026-04-26 15:45:05.451] [info] Reset usb successfully :)
[2026-04-26 15:45:05.452] [warning] MV_CC_EnumDevices failed: 0x80000006
[2026-04-26 15:45:05.552] [warning] MV_CC_StopGrabbing failed: 0x80000000
[2026-04-26 15:45:05.681] [info] Reset usb successfully :)
[2026-04-26 15:45:05.681] [warning] MV_CC_EnumDevices failed: 0x80000006
[2026-04-26 15:45:05.782] [warning] MV_CC_StopGrabbing failed: 0x80000000
[2026-04-26 15:45:05.911] [info] Reset usb successfully :)
[2026-04-26 15:45:05.911] [warning] MV_CC_EnumDevices failed: 0x80000006
[2026-04-26 15:45:06.012] [warning] MV_CC_StopGrabbing failed: 0x80000000
[2026-04-26 15:45:06.142] [info] Reset usb successfully :)
[2026-04-26 15:45:06.142] [warning] MV_CC_EnumDevices failed: 0x80000006
[2026-04-26 15:45:06.242] [warning] MV_CC_StopGrabbing failed: 0x80000000
[2026-04-26 15:45:06.371] [info] Reset usb successfully :)
[2026-04-26 15:45:06.371] [warning] MV_CC_EnumDevices failed: 0x80000006
[2026-04-26 15:45:06.471] [warning] MV_CC_StopGrabbing failed: 0x80000000
[2026-04-26 15:45:06.600] [info] Reset usb successfully :)
[2026-04-26 15:45:06.600] [warning] MV_CC_EnumDevices failed: 0x80000006
[2026-04-26 15:45:06.700] [warning] MV_CC_StopGrabbing failed: 0x80000000
[2026-04-26 15:45:06.829] [info] Reset usb successfully :)
[2026-04-26 15:45:06.829] [warning] MV_CC_EnumDevices failed: 0x80000006
[2026-04-26 15:45:06.929] [warning] MV_CC_StopGrabbing failed: 0x80000000
[2026-04-26 15:45:07.058] [info] Reset usb successfully :)
[2026-04-26 15:45:07.058] [warning] MV_CC_EnumDevices failed: 0x80000006
[2026-04-26 15:45:07.159] [warning] MV_CC_StopGrabbing failed: 0x80000000
[2026-04-26 15:45:07.288] [info] Reset usb successfully :)
[2026-04-26 15:45:07.289] [warning] MV_CC_EnumDevices failed: 0x80000006
[2026-04-26 15:45:07.389] [warning] MV_CC_StopGrabbing failed: 0x80000000
[2026-04-26 15:45:07.517] [info] Reset usb successfully :)
[2026-04-26 15:45:07.517] [warning] MV_CC_EnumDevices failed: 0x80000006
[2026-04-26 15:45:07.617] [warning] MV_CC_StopGrabbing failed: 0x80000000
[2026-04-26 15:45:07.747] [info] Reset usb successfully :)
[2026-04-26 15:45:07.747] [warning] MV_CC_EnumDevices failed: 0x80000006
[2026-04-26 15:45:07.847] [warning] MV_CC_StopGrabbing failed: 0x80000000
[2026-04-26 15:45:07.977] [info] Reset usb successfully :)
[2026-04-26 15:45:07.977] [warning] MV_CC_EnumDevices failed: 0x80000006
[2026-04-26 15:45:08.077] [warning] MV_CC_StopGrabbing failed: 0x80000000
[2026-04-26 15:45:08.207] [info] Reset usb successfully :)
[2026-04-26 15:45:08.207] [warning] MV_CC_EnumDevices failed: 0x80000006
[2026-04-26 15:45:08.307] [warning] MV_CC_StopGrabbing failed: 0x80000000
[2026-04-26 15:45:08.437] [info] Reset usb successfully :)
[2026-04-26 15:45:08.438] [warning] MV_CC_EnumDevices failed: 0x80000006
[2026-04-26 15:45:08.538] [warning] MV_CC_StopGrabbing failed: 0x80000000
[2026-04-26 15:45:08.667] [info] Reset usb successfully :)
[2026-04-26 15:45:08.667] [warning] MV_CC_EnumDevices failed: 0x80000006
[2026-04-26 15:45:08.767] [warning] MV_CC_StopGrabbing failed: 0x80000000
[2026-04-26 15:45:08.896] [info] Reset usb successfully :)
[2026-04-26 15:45:08.897] [warning] MV_CC_EnumDevices failed: 0x80000006
[2026-04-26 15:45:08.997] [warning] MV_CC_StopGrabbing failed: 0x80000000
[2026-04-26 15:45:09.126] [info] Reset usb successfully :)
[2026-04-26 15:45:09.126] [warning] MV_CC_EnumDevices failed: 0x80000006
[2026-04-26 15:45:09.226] [warning] MV_CC_StopGrabbing failed: 0x80000000
[2026-04-26 15:45:09.357] [info] Reset usb successfully :)
[2026-04-26 15:45:09.357] [warning] MV_CC_EnumDevices failed: 0x80000006
[2026-04-26 15:45:09.457] [warning] MV_CC_StopGrabbing failed: 0x80000000
[2026-04-26 15:45:09.586] [info] Reset usb successfully :)
[2026-04-26 15:45:09.586] [warning] MV_CC_EnumDevices failed: 0x80000006
[2026-04-26 15:45:09.687] [warning] MV_CC_StopGrabbing failed: 0x80000000
[2026-04-26 15:45:09.817] [info] Reset usb successfully :)
[2026-04-26 15:45:09.817] [warning] MV_CC_EnumDevices failed: 0x80000006
[2026-04-26 15:45:09.917] [warning] MV_CC_StopGrabbing failed: 0x80000000
